"DownloadUrl","FilePath","FileName","MD5-Hash"
"https://raw.githubusercontent.com/kohelet-net-admin/zefania-xml-bibles/master/Bibles/AFR/1933/1953%20Afrikaans%20Bybel/SF_2009-01-20_AFR_AFR3353_(1933_1953%20AFRIKAANS%20BYBEL).xml",".\AFR\1933\1953 Afrikaans Bybel\SF_2009-01-20_AFR_AFR3353_(1933_1953 AFRIKAANS BYBEL).xml","SF_2009-01-20_AFR_AFR3353_(1933_1953 AFRIKAANS BYBEL).xml","B6BB8561510412E995A09FFD318E4347"
"https://raw.githubusercontent.com/kohelet-net-admin/zefania-xml-bibles/master/Bibles/ALB/Albanian%20Version/SF_2009-01-20_ALB_ALB1_(ALBANIAN%20VERSION).xml",".\ALB\Albanian Version\SF_2009-01-20_ALB_ALB1_(ALBANIAN VERSION).xml","SF_2009-01-20_ALB_ALB1_(ALBANIAN VERSION).xml","46E7919CF45D8EB3405BBDAF4A933434"
"https://raw.githubusercontent.com/kohelet-net-admin/zefania-xml-bibles/master/Bibles/ARA/New%20Arabic%20Version%20(Ketab%20El%20Hayat)/SF_2012-01-07_ARA_ARANAV_(NEW%20ARABIC%20VERSION%20(KETAB%20EL%20HAYAT)).xml",".\ARA\New Arabic Version (Ketab El Hayat)\SF_2012-01-07_ARA_ARANAV_(NEW ARABIC VERSION (KETAB EL HAYAT)).xml","SF_2012-01-07_ARA_ARANAV_(NEW ARABIC VERSION (KETAB EL HAYAT)).xml","CB1D3D989910597217D94DB69D3AC6F6"
"https://raw.githubusercontent.com/kohelet-net-admin/zefania-xml-bibles/master/Bibles/ARA/Smith%20Van%20Dyke%20Arabic%20Bible/SF_2009-01-20_ARA_ARASVD_(SMITH%20VAN%20DYKE%20ARABIC%20BIBLE).xml",".\ARA\Smith Van Dyke Arabic Bible\SF_2009-01-20_ARA_ARASVD_(SMITH VAN DYKE ARABIC BIBLE).xml","SF_2009-01-20_ARA_ARASVD_(SMITH VAN DYKE ARABIC BIBLE).xml","15DD0EC6370B827012F67B10B8447774"
"https://raw.githubusercontent.com/kohelet-net-admin/zefania-xml-bibles/master/Bibles/BAQ/Basque(Navarro-Labourdin)NT/SF_2009-01-20_BAQ_BASQ1571_(BASQUE(NAVARRO-LABOURDIN)NT).xml",".\BAQ\Basque(Navarro-Labourdin)NT\SF_2009-01-20_BAQ_BASQ1571_(BASQUE(NAVARRO-LABOURDIN)NT).xml","SF_2009-01-20_BAQ_BASQ1571_(BASQUE(NAVARRO-LABOURDIN)NT).xml","73F513ABEF99AFA6CC6E3EA196DFE678"
"https://raw.githubusercontent.com/kohelet-net-admin/zefania-xml-bibles/master/Bibles/BUL/Bulgarian%20NT%201914/SF_2009-03-26_BUL_BULCARIGRADNT_(BULGARIAN%20NEW%20TESTAMENT%20FROM%201914,%20KNOWN%20AS%20'TSARIGRAD%20EDITION').xml",".\BUL\Bulgarian NT 1914\SF_2009-03-26_BUL_BULCARIGRADNT_(BULGARIAN NEW TESTAMENT FROM 1914, KNOWN AS 'TSARIGRAD EDITION').xml","SF_2009-03-26_BUL_BULCARIGRADNT_(BULGARIAN NEW TESTAMENT FROM 1914, KNOWN AS 'TSARIGRAD EDITION').xml","23014F48A6D58B405DD41DE2FCA9CEA2"
"https://raw.githubusercontent.com/kohelet-net-admin/zefania-xml-bibles/master/Bibles/BUL/Verens%20Contemporary%20Bible/SF_2010-01-10_BUL_BULVEREN_(VEREN'S%20CONTEMPORARY%20BIBLE).xml",".\BUL\Verens Contemporary Bible\SF_2010-01-10_BUL_BULVEREN_(VEREN'S CONTEMPORARY BIBLE).xml","SF_2010-01-10_BUL_BULVEREN_(VEREN'S CONTEMPORARY BIBLE).xml","B21E12DA175306E32CB70944A1F2ED03"
"https://raw.githubusercontent.com/kohelet-net-admin/zefania-xml-bibles/master/Bibles/CEB/Cebuano%20Ang%20Biblia%20(Bugna%20Version)/SF_2009-01-20_CEB_CEB-B_(CEBUANO%20ANG%20BIBLIA%20(BUGNA%20VERSION)).xml",".\CEB\Cebuano Ang Biblia (Bugna Version)\SF_2009-01-20_CEB_CEB-B_(CEBUANO ANG BIBLIA (BUGNA VERSION)).xml","SF_2009-01-20_CEB_CEB-B_(CEBUANO ANG BIBLIA (BUGNA VERSION)).xml","763ECFBC02B8F2CE08983B8BCF8AFB57"
"https://raw.githubusercontent.com/kohelet-net-admin/zefania-xml-bibles/master/Bibles/CEB/Cebuano%20Ang%20Biblia%20(Pinadayag%20Version)/SF_2009-01-20_CEB_CEB-P_(CEBUANO%20ANG%20BIBLIA%20(PINADAYAG%20VERSION)).xml",".\CEB\Cebuano Ang Biblia (Pinadayag Version)\SF_2009-01-20_CEB_CEB-P_(CEBUANO ANG BIBLIA (PINADAYAG VERSION)).xml","SF_2009-01-20_CEB_CEB-P_(CEBUANO ANG BIBLIA (PINADAYAG VERSION)).xml","88FC71599F7D73C56D62C29FDABA34A4"
"https://raw.githubusercontent.com/kohelet-net-admin/zefania-xml-bibles/master/Bibles/CHA/SF_2010-01-10_CHA_CHAMORRO_(CHAMORRO%20Y%20SANTA%20BIBLIA%20(1908)).xml",".\CHA\SF_2010-01-10_CHA_CHAMORRO_(CHAMORRO Y SANTA BIBLIA (1908)).xml","SF_2010-01-10_CHA_CHAMORRO_(CHAMORRO Y SANTA BIBLIA (1908)).xml","3AAA3FDBD6B3DF2A397CF435016AF2B6"
"https://raw.githubusercontent.com/kohelet-net-admin/zefania-xml-bibles/master/Bibles/CHI/Chinese%20Union%20Version/SF_2009-01-20_CHI_CHI_(CHINESE%20UNION%20VERSION).xml",".\CHI\Chinese Union Version\SF_2009-01-20_CHI_CHI_(CHINESE UNION VERSION).xml","SF_2009-01-20_CHI_CHI_(CHINESE UNION VERSION).xml","E84CB181F6D137EC3131F4943BBD2953"
"https://raw.githubusercontent.com/kohelet-net-admin/zefania-xml-bibles/master/Bibles/CHI/CHINESE%20UNION%20VERSION%20Simplified/SF_2004-10-17_CHI_CHIUS_(CHINESE%20UNION%20VERSION%20SIMPLIFIED).xml",".\CHI\CHINESE UNION VERSION Simplified\SF_2004-10-17_CHI_CHIUS_(CHINESE UNION VERSION SIMPLIFIED).xml","SF_2004-10-17_CHI_CHIUS_(CHINESE UNION VERSION SIMPLIFIED).xml","513E1518980A1AAB26C76390E0867B0F"
"https://raw.githubusercontent.com/kohelet-net-admin/zefania-xml-bibles/master/Bibles/CHI/New%20Chinese%20Version%20Simplified/SF_2009-01-20_CHI_CVS_(NEW%20CHINESE%20VERSION%20SIMPLIFIED).xml",".\CHI\New Chinese Version Simplified\SF_2009-01-20_CHI_CVS_(NEW CHINESE VERSION SIMPLIFIED).xml","SF_2009-01-20_CHI_CVS_(NEW CHINESE VERSION SIMPLIFIED).xml","9990B8751C84965A3EFF035901D641FA"
"https://raw.githubusercontent.com/kohelet-net-admin/zefania-xml-bibles/master/Bibles/CHU/1757%20Church%20Slavonic%20Elizabeth%20Bible/SF_2014-02-27_CHU_CSLELIZABETH_(1757%20CHURCH%20SLAVONIC%20ELIZABETH%20BIBLE).xml",".\CHU\1757 Church Slavonic Elizabeth Bible\SF_2014-02-27_CHU_CSLELIZABETH_(1757 CHURCH SLAVONIC ELIZABETH BIBLE).xml","SF_2014-02-27_CHU_CSLELIZABETH_(1757 CHURCH SLAVONIC ELIZABETH BIBLE).xml","1B46DC4FBE35CE3635F5D57A6F9F4E37"
"https://raw.githubusercontent.com/kohelet-net-admin/zefania-xml-bibles/master/Bibles/CKB/SF_2015-08-16_CKB_SORA_(KURDISH%20NEW%20TESTAMENT).xml",".\CKB\SF_2015-08-16_CKB_SORA_(KURDISH NEW TESTAMENT).xml","SF_2015-08-16_CKB_SORA_(KURDISH NEW TESTAMENT).xml","6794FCB711468020656EBE51057AA90D"
"https://raw.githubusercontent.com/kohelet-net-admin/zefania-xml-bibles/master/Bibles/COP/Coptic%20NT%20Bohairic/SF_2014-02-26_COP_BONT_(BOHAIRIC%20NT).xml",".\COP\Coptic NT Bohairic\SF_2014-02-26_COP_BONT_(BOHAIRIC NT).xml","SF_2014-02-26_COP_BONT_(BOHAIRIC NT).xml","B2BC94ED46209C0D7B74ED06BB650A97"
"https://raw.githubusercontent.com/kohelet-net-admin/zefania-xml-bibles/master/Bibles/CZE/Cesky%20studijni%20preklad/SF_2015-05-20_CZE_%c4%8cSP_(%c4%8cESK%c3%9d%20STUDIJN%c3%8d%20P%c5%98EKLAD).xml",".\CZE\Cesky studijni preklad\SF_2015-05-20_CZE_ČSP_(ČESKÝ STUDIJNÍ PŘEKLAD).xml","SF_2015-05-20_CZE_ČSP_(ČESKÝ STUDIJNÍ PŘEKLAD).xml","7083DE9BC04720C774FC8F2F89144E9B"
"https://raw.githubusercontent.com/kohelet-net-admin/zefania-xml-bibles/master/Bibles/CZE/Czech%20BKR/Czech%20BKR/SF_2014-11-23_CZE_CZBKR_(CZECH%20BKR).xml",".\CZE\Czech BKR\Czech BKR\SF_2014-11-23_CZE_CZBKR_(CZECH BKR).xml","SF_2014-11-23_CZE_CZBKR_(CZECH BKR).xml","A520D3619CC15EB502E6C028470DC3D7"
"https://raw.githubusercontent.com/kohelet-net-admin/zefania-xml-bibles/master/Bibles/CZE/Czech%20BKR/Czech%20BKR/sf_czech_bkr.xml",".\CZE\Czech BKR\Czech BKR\sf_czech_bkr.xml","sf_czech_bkr.xml","15C8468B2D463651CC773D1E5CBB35ED"
"https://raw.githubusercontent.com/kohelet-net-admin/zefania-xml-bibles/master/Bibles/CZE/Czech%20BKR/SF_2009-01-20_CZE_CZBKR_(CZECH%20BKR).xml",".\CZE\Czech BKR\SF_2009-01-20_CZE_CZBKR_(CZECH BKR).xml","SF_2009-01-20_CZE_CZBKR_(CZECH BKR).xml","E99DAA846054CBAB1349A3B9A015AADA"
"https://raw.githubusercontent.com/kohelet-net-admin/zefania-xml-bibles/master/Bibles/CZE/Czech%20Ekumenicky%20Cesky%20preklad/Czech%20Ekumenicky%20Cesky%20preklad/SF_2014-11-23_CZE_CZECEP_(CZECH%20EKUMENICKY%20CESKY%20PREKLAD).xml",".\CZE\Czech Ekumenicky Cesky preklad\Czech Ekumenicky Cesky preklad\SF_2014-11-23_CZE_CZECEP_(CZECH EKUMENICKY CESKY PREKLAD).xml","SF_2014-11-23_CZE_CZECEP_(CZECH EKUMENICKY CESKY PREKLAD).xml","3C87BC4F6E5455596085CA8D427F3F5B"
"https://raw.githubusercontent.com/kohelet-net-admin/zefania-xml-bibles/master/Bibles/CZE/Czech%20Ekumenicky%20Cesky%20preklad/Czech%20Ekumenicky%20Cesky%20preklad/sf_czecep.xml",".\CZE\Czech Ekumenicky Cesky preklad\Czech Ekumenicky Cesky preklad\sf_czecep.xml","sf_czecep.xml","9923324E0BB4707212E94EED7CA01158"
"https://raw.githubusercontent.com/kohelet-net-admin/zefania-xml-bibles/master/Bibles/CZE/Czech%20Ekumenicky%20Cesky%20preklad/SF_2009-01-23_CZE_CZECEP_(CZECH%20EKUMENICKY%20CESKY%20PREKLAD).xml",".\CZE\Czech Ekumenicky Cesky preklad\SF_2009-01-23_CZE_CZECEP_(CZECH EKUMENICKY CESKY PREKLAD).xml","SF_2009-01-23_CZE_CZECEP_(CZECH EKUMENICKY CESKY PREKLAD).xml","3801B1F6158154D5750B97610B44093B"
"https://raw.githubusercontent.com/kohelet-net-admin/zefania-xml-bibles/master/Bibles/CZE/Czech%20Preklad%2021/SF_2009-07-31_CZE_CZEB21_(CZECH%20BIBLE,%20PREKLAD%2021.%20STOLETI).xml",".\CZE\Czech Preklad 21\SF_2009-07-31_CZE_CZEB21_(CZECH BIBLE, PREKLAD 21. STOLETI).xml","SF_2009-07-31_CZE_CZEB21_(CZECH BIBLE, PREKLAD 21. STOLETI).xml","F22AA3B3723011F1EA71983E9A6AA4D4"
"https://raw.githubusercontent.com/kohelet-net-admin/zefania-xml-bibles/master/Bibles/CZE/Czech%20Preklad%2021/SF_2014-11-23_CZE_CZEB21_(CZECH%20BIBLE,%20P%c5%98EKLAD%2021.%20STOLET%c3%8d).xml",".\CZE\Czech Preklad 21\SF_2014-11-23_CZE_CZEB21_(CZECH BIBLE, PŘEKLAD 21. STOLETÍ).xml","SF_2014-11-23_CZE_CZEB21_(CZECH BIBLE, PŘEKLAD 21. STOLETÍ).xml","D4062A613902899C6F5E778358CC04AF"
"https://raw.githubusercontent.com/kohelet-net-admin/zefania-xml-bibles/master/Bibles/CZE/Nova%20Bible%20Kralicka%20NKB/SF_2014-03-11_CZE_CZNBK_(CZECH%20NKB).xml",".\CZE\Nova Bible Kralicka NKB\SF_2014-03-11_CZE_CZNBK_(CZECH NKB).xml","SF_2014-03-11_CZE_CZNBK_(CZECH NKB).xml","D06A532EEC25FE6FDE7ACCF6976AB68E"
"https://raw.githubusercontent.com/kohelet-net-admin/zefania-xml-bibles/master/Bibles/DAN/Danish%20Version/SF_2009-01-20_DAN_DAN_(DANISH%20VERSION).xml",".\DAN\Danish Version\SF_2009-01-20_DAN_DAN_(DANISH VERSION).xml","SF_2009-01-20_DAN_DAN_(DANISH VERSION).xml","F17C772DB77154D8CCC5B9195E6049BE"
"https://raw.githubusercontent.com/kohelet-net-admin/zefania-xml-bibles/master/Bibles/ENG/A%20Conservative%20Version/SF_2009-01-20_ENG_ACV_(A%20CONSERVATIVE%20VERSION).xml",".\ENG\A Conservative Version\SF_2009-01-20_ENG_ACV_(A CONSERVATIVE VERSION).xml","SF_2009-01-20_ENG_ACV_(A CONSERVATIVE VERSION).xml","09EBE333C748CF5BB5DDAC2BF1F23016"
"https://raw.githubusercontent.com/kohelet-net-admin/zefania-xml-bibles/master/Bibles/ENG/American%20Standard%20Version/SF_2009-01-20_ENG_ASV_(AMERICAN%20STANDARD%20VERSION).xml",".\ENG\American Standard Version\SF_2009-01-20_ENG_ASV_(AMERICAN STANDARD VERSION).xml","SF_2009-01-20_ENG_ASV_(AMERICAN STANDARD VERSION).xml","D8C72F89BB66181C1525DCB70F4E245F"
"https://raw.githubusercontent.com/kohelet-net-admin/zefania-xml-bibles/master/Bibles/ENG/Bible%20in%20Basic%20English/SF_2009-01-20_ENG_BBE_(BIBLE%20IN%20BASIC%20ENGLISH).xml",".\ENG\Bible in Basic English\SF_2009-01-20_ENG_BBE_(BIBLE IN BASIC ENGLISH).xml","SF_2009-01-20_ENG_BBE_(BIBLE IN BASIC ENGLISH).xml","5424AC698A1495677B94ED6C92E66E07"
"https://raw.githubusercontent.com/kohelet-net-admin/zefania-xml-bibles/master/Bibles/ENG/Bible%20in%20Worldwide%20English/SF_2012-02-07_ENG_BWE_(BIBLE%20IN%20WORLDWIDE%20ENGLISH).xml",".\ENG\Bible in Worldwide English\SF_2012-02-07_ENG_BWE_(BIBLE IN WORLDWIDE ENGLISH).xml","SF_2012-02-07_ENG_BWE_(BIBLE IN WORLDWIDE ENGLISH).xml","EB65B65C6449FF9D5CCF3C3A465E5DF7"
"https://raw.githubusercontent.com/kohelet-net-admin/zefania-xml-bibles/master/Bibles/ENG/Bible%20in%20Worldwide%20English/SF_2015-08-14_ENG_BWE96_(BIBLE%20IN%20WORLDWIDE%20ENGLISH).xml",".\ENG\Bible in Worldwide English\SF_2015-08-14_ENG_BWE96_(BIBLE IN WORLDWIDE ENGLISH).xml","SF_2015-08-14_ENG_BWE96_(BIBLE IN WORLDWIDE ENGLISH).xml","B695494FB7B4EBBE63CD7A016A5094A9"
"https://raw.githubusercontent.com/kohelet-net-admin/zefania-xml-bibles/master/Bibles/ENG/Bible%20in%20Worldwide%20English%20NT/SF_2009-01-20_ENG_BWE_(BIBLE%20IN%20WORLDWIDE%20ENGLISH%20NT).xml",".\ENG\Bible in Worldwide English NT\SF_2009-01-20_ENG_BWE_(BIBLE IN WORLDWIDE ENGLISH NT).xml","SF_2009-01-20_ENG_BWE_(BIBLE IN WORLDWIDE ENGLISH NT).xml","9F426AA2C7625400D72F078FA4ED1532"
"https://raw.githubusercontent.com/kohelet-net-admin/zefania-xml-bibles/master/Bibles/ENG/Brentons%20English%20Septuagint/SF_2009-01-20_ENG_LXXE_(BRENTON'S%20ENGLISH%20SEPTUAGINT).xml",".\ENG\Brentons English Septuagint\SF_2009-01-20_ENG_LXXE_(BRENTON'S ENGLISH SEPTUAGINT).xml","SF_2009-01-20_ENG_LXXE_(BRENTON'S ENGLISH SEPTUAGINT).xml","6BD3225DE8A84F92F6B537E8D72394A2"
"https://raw.githubusercontent.com/kohelet-net-admin/zefania-xml-bibles/master/Bibles/ENG/Catholic%20Public%20Domain%20Version/SF_2014-02-26_ENG_CPDV_(CATHOLIC%20PUBLIC%20DOMAIN%20VERSION).xml",".\ENG\Catholic Public Domain Version\SF_2014-02-26_ENG_CPDV_(CATHOLIC PUBLIC DOMAIN VERSION).xml","SF_2014-02-26_ENG_CPDV_(CATHOLIC PUBLIC DOMAIN VERSION).xml","8C989578AEB843586B33B1146FA2B46D"
"https://raw.githubusercontent.com/kohelet-net-admin/zefania-xml-bibles/master/Bibles/ENG/Darby%20Bible/SF_2009-01-20_ENG_DARBY_(DARBY%20BIBLE).xml",".\ENG\Darby Bible\SF_2009-01-20_ENG_DARBY_(DARBY BIBLE).xml","SF_2009-01-20_ENG_DARBY_(DARBY BIBLE).xml","4D09975ECB2EDFA419354901B8FA7730"
"https://raw.githubusercontent.com/kohelet-net-admin/zefania-xml-bibles/master/Bibles/ENG/Diaglot%20NT%20-%201865/SF_2009-01-20_ENG_DIAGLOT_(DIAGLOT%20NT%20-%201865).xml",".\ENG\Diaglot NT - 1865\SF_2009-01-20_ENG_DIAGLOT_(DIAGLOT NT - 1865).xml","SF_2009-01-20_ENG_DIAGLOT_(DIAGLOT NT - 1865).xml","3F8723A3D8D1BF4969A8F6F6638BD47B"
"https://raw.githubusercontent.com/kohelet-net-admin/zefania-xml-bibles/master/Bibles/ENG/Douay%20Rheims/SF_2013-12-05_ENG_DOUR_(DOUAY%20RHEIMS).xml",".\ENG\Douay Rheims\SF_2013-12-05_ENG_DOUR_(DOUAY RHEIMS).xml","SF_2013-12-05_ENG_DOUR_(DOUAY RHEIMS).xml","EDC08D809AFA731695400851B3718543"
"https://raw.githubusercontent.com/kohelet-net-admin/zefania-xml-bibles/master/Bibles/ENG/English%20Jubilee%202000%20Bible/SF_2009-01-20_ENG_JUBL2000_(ENGLISH%20JUBILEE%202000%20BIBLE).xml",".\ENG\English Jubilee 2000 Bible\SF_2009-01-20_ENG_JUBL2000_(ENGLISH JUBILEE 2000 BIBLE).xml","SF_2009-01-20_ENG_JUBL2000_(ENGLISH JUBILEE 2000 BIBLE).xml","B8040EC3CAC8BF193F4B02AD11BB7420"
"https://raw.githubusercontent.com/kohelet-net-admin/zefania-xml-bibles/master/Bibles/ENG/English%20Majority%20Text%20Version/SF_2009-04-13_ENG_EMTV_(ENGLISH%20MAJORITY%20TEXT%20VERSION).xml",".\ENG\English Majority Text Version\SF_2009-04-13_ENG_EMTV_(ENGLISH MAJORITY TEXT VERSION).xml","SF_2009-04-13_ENG_EMTV_(ENGLISH MAJORITY TEXT VERSION).xml","E7F75801FB09E748C7BDCBA0C27ABE26"
"https://raw.githubusercontent.com/kohelet-net-admin/zefania-xml-bibles/master/Bibles/ENG/Etheridge/SF_2010-02-21_ENG_ETHERIDGE_(THE%20PESCHITO%20SYRIAC%20NEW%20TESTAMENT).xml",".\ENG\Etheridge\SF_2010-02-21_ENG_ETHERIDGE_(THE PESCHITO SYRIAC NEW TESTAMENT).xml","SF_2010-02-21_ENG_ETHERIDGE_(THE PESCHITO SYRIAC NEW TESTAMENT).xml","5C500C5615E58C652BDA7DA1A7B07C1B"
"https://raw.githubusercontent.com/kohelet-net-admin/zefania-xml-bibles/master/Bibles/ENG/Geneva%20Bible/SF_2009-01-20_ENG_GB_(GENEVA%20BIBLE).xml",".\ENG\Geneva Bible\SF_2009-01-20_ENG_GB_(GENEVA BIBLE).xml","SF_2009-01-20_ENG_GB_(GENEVA BIBLE).xml","B6EAC7F8E8404251CF3BA08030C5FAFD"
"https://raw.githubusercontent.com/kohelet-net-admin/zefania-xml-bibles/master/Bibles/ENG/Greens%20Literal%20Translation/SF_2009-04-08_ENG_LITV_(GREEN'S%20LITERAL%20TRANSLATION).xml",".\ENG\Greens Literal Translation\SF_2009-04-08_ENG_LITV_(GREEN'S LITERAL TRANSLATION).xml","SF_2009-04-08_ENG_LITV_(GREEN'S LITERAL TRANSLATION).xml","141B436E4F2AC3EC16BDFDC9CFD7822C"
"https://raw.githubusercontent.com/kohelet-net-admin/zefania-xml-bibles/master/Bibles/ENG/ISV%20NT/SF_2009-01-22_ENG_ISV_(ISV%20NT).xml",".\ENG\ISV NT\SF_2009-01-22_ENG_ISV_(ISV NT).xml","SF_2009-01-22_ENG_ISV_(ISV NT).xml","63A3F910369002E1F10BFE2132290B56"
"https://raw.githubusercontent.com/kohelet-net-admin/zefania-xml-bibles/master/Bibles/ENG/Jewish%20Publication%20Society%20AT/SF_2009-01-23_ENG_JPS_(JEWISH%20PUBLICATION%20SOCIETY%20AT).xml",".\ENG\Jewish Publication Society AT\SF_2009-01-23_ENG_JPS_(JEWISH PUBLICATION SOCIETY AT).xml","SF_2009-01-23_ENG_JPS_(JEWISH PUBLICATION SOCIETY AT).xml","925BA0F2B876CFBEBEC0BAB8B0132E78"
"https://raw.githubusercontent.com/kohelet-net-admin/zefania-xml-bibles/master/Bibles/ENG/John%20Wycliffe%20Bible/SF_2009-01-20_ENG_BIBLE_WYCLIFFE_(JOHN%20WYCLIFFE%20BIBLE).xml",".\ENG\John Wycliffe Bible\SF_2009-01-20_ENG_BIBLE_WYCLIFFE_(JOHN WYCLIFFE BIBLE).xml","SF_2009-01-20_ENG_BIBLE_WYCLIFFE_(JOHN WYCLIFFE BIBLE).xml","E230A20C8600F9855846A522FF2DAAD2"
"https://raw.githubusercontent.com/kohelet-net-admin/zefania-xml-bibles/master/Bibles/ENG/King%20James/American%20King%20James%20Version/SF_2009-01-20_ENG_BIBLE_AKJV_(AMERICAN%20KING%20JAMES%20VERSION).xml",".\ENG\King James\American King James Version\SF_2009-01-20_ENG_BIBLE_AKJV_(AMERICAN KING JAMES VERSION).xml","SF_2009-01-20_ENG_BIBLE_AKJV_(AMERICAN KING JAMES VERSION).xml","306CCBA08F5850C4EEBB1B5508BB7833"
"https://raw.githubusercontent.com/kohelet-net-admin/zefania-xml-bibles/master/Bibles/ENG/King%20James/King%20James%202000/SF_2009-01-20_ENG_KJ2000_(KING%20JAMES%202000).xml",".\ENG\King James\King James 2000\SF_2009-01-20_ENG_KJ2000_(KING JAMES 2000).xml","SF_2009-01-20_ENG_KJ2000_(KING JAMES 2000).xml","629274512D17C29F007EFFE5446C2664"
"https://raw.githubusercontent.com/kohelet-net-admin/zefania-xml-bibles/master/Bibles/ENG/King%20James/King%20James%20Clarified%20NT/SF_2009-01-20_ENG_KJVCNT_(KING%20JAMES%20CLARIFIED%20NT).xml",".\ENG\King James\King James Clarified NT\SF_2009-01-20_ENG_KJVCNT_(KING JAMES CLARIFIED NT).xml","SF_2009-01-20_ENG_KJVCNT_(KING JAMES CLARIFIED NT).xml","51C01BA55808E09DC6EEA35F3E410BBF"
"https://raw.githubusercontent.com/kohelet-net-admin/zefania-xml-bibles/master/Bibles/ENG/King%20James/King%20James%20Version/SF_2009-01-23_ENG_KJV_(KING%20JAMES%20VERSION).xml",".\ENG\King James\King James Version\SF_2009-01-23_ENG_KJV_(KING JAMES VERSION).xml","SF_2009-01-23_ENG_KJV_(KING JAMES VERSION).xml","EB5467A8474070F90B2980FBDAE8191D"
"https://raw.githubusercontent.com/kohelet-net-admin/zefania-xml-bibles/master/Bibles/ENG/King%20James/King%20James%20Version%20Pure%20Cambridge%20Edition/SF_2014-02-26_ENG_KJVPCE_(KING%20JAMES%20VERSION%20PCE).xml",".\ENG\King James\King James Version Pure Cambridge Edition\SF_2014-02-26_ENG_KJVPCE_(KING JAMES VERSION PCE).xml","SF_2014-02-26_ENG_KJVPCE_(KING JAMES VERSION PCE).xml","9E1B45E5F39FFD80A5AC253B20E3F420"
"https://raw.githubusercontent.com/kohelet-net-admin/zefania-xml-bibles/master/Bibles/ENG/King%20James/King%20James%20Version%20with%20Apokryphen/SF_2009-01-23_ENG_KJVAK_(KING%20JAMES%20VERSION%20WITH%20APOKRYPHEN).xml",".\ENG\King James\King James Version with Apokryphen\SF_2009-01-23_ENG_KJVAK_(KING JAMES VERSION WITH APOKRYPHEN).xml","SF_2009-01-23_ENG_KJVAK_(KING JAMES VERSION WITH APOKRYPHEN).xml","6A832DAD453CAE9CD1125DFDD64C475B"
"https://raw.githubusercontent.com/kohelet-net-admin/zefania-xml-bibles/master/Bibles/ENG/King%20James/KJV+/SF_2009-01-20_ENG_KJV_(KJV+).xml",".\ENG\King James\KJV+\SF_2009-01-20_ENG_KJV_(KJV+).xml","SF_2009-01-20_ENG_KJV_(KJV+).xml","217CE4E7C0BCF2C8C0ABB20DE66752AA"
"https://raw.githubusercontent.com/kohelet-net-admin/zefania-xml-bibles/master/Bibles/ENG/King%20James/Modern%20KJV%201963/SF_2009-01-23_ENG_MKJV1962_(MODERN%20KJV%201963).xml",".\ENG\King James\Modern KJV 1963\SF_2009-01-23_ENG_MKJV1962_(MODERN KJV 1963).xml","SF_2009-01-23_ENG_MKJV1962_(MODERN KJV 1963).xml","76F23DE0AD10240E5E41CE7FE4FA7A7E"
"https://raw.githubusercontent.com/kohelet-net-admin/zefania-xml-bibles/master/Bibles/ENG/King%20James/Revised%20King%20James%20New%20Testament/SF_2009-01-20_ENG_RKJVNT_(REVISED%20KING%20JAMES%20NEW%20TESTAMENT).xml",".\ENG\King James\Revised King James New Testament\SF_2009-01-20_ENG_RKJVNT_(REVISED KING JAMES NEW TESTAMENT).xml","SF_2009-01-20_ENG_RKJVNT_(REVISED KING JAMES NEW TESTAMENT).xml","D489A34E70FBF22309681A3D6935B58E"
"https://raw.githubusercontent.com/kohelet-net-admin/zefania-xml-bibles/master/Bibles/ENG/King%20James/Updated%20King%20James%20Version/SF_2009-01-20_ENG_UKJV_(UPDATED%20KING%20JAMES%20VERSION).xml",".\ENG\King James\Updated King James Version\SF_2009-01-20_ENG_UKJV_(UPDATED KING JAMES VERSION).xml","SF_2009-01-20_ENG_UKJV_(UPDATED KING JAMES VERSION).xml","BD7827A039A9DD6B2F74FADEF70CD2F0"
"https://raw.githubusercontent.com/kohelet-net-admin/zefania-xml-bibles/master/Bibles/ENG/Leeser%20Old%20Testament/SF_2009-01-20_ENG_LEESER_(LEESER%20OLD%20TESTAMENT).xml",".\ENG\Leeser Old Testament\SF_2009-01-20_ENG_LEESER_(LEESER OLD TESTAMENT).xml","SF_2009-01-20_ENG_LEESER_(LEESER OLD TESTAMENT).xml","753F0ADC25387B70F89BD31C5AF99EB9"
"https://raw.githubusercontent.com/kohelet-net-admin/zefania-xml-bibles/master/Bibles/ENG/Living%20Oracles%20NT/SF_2009-01-20_ENG_LONT_(LIVING%20ORACLES%20NT).xml",".\ENG\Living Oracles NT\SF_2009-01-20_ENG_LONT_(LIVING ORACLES NT).xml","SF_2009-01-20_ENG_LONT_(LIVING ORACLES NT).xml","45A4CB2D256FCEDF6656EDE250EF0D02"
"https://raw.githubusercontent.com/kohelet-net-admin/zefania-xml-bibles/master/Bibles/ENG/Montgomery%20New%20Testament/SF_2009-01-20_ENG_MONT_(MONTGOMERY%20NEW%20TESTAMENT).xml",".\ENG\Montgomery New Testament\SF_2009-01-20_ENG_MONT_(MONTGOMERY NEW TESTAMENT).xml","SF_2009-01-20_ENG_MONT_(MONTGOMERY NEW TESTAMENT).xml","306931DFDFB07D1A28A6AF44591AB9ED"
"https://raw.githubusercontent.com/kohelet-net-admin/zefania-xml-bibles/master/Bibles/ENG/New%20Heart%20English%20Bible/SF_2012-02-07_ENG_NHEB_(NEW%20HEART%20ENGLISH%20BIBLE).xml",".\ENG\New Heart English Bible\SF_2012-02-07_ENG_NHEB_(NEW HEART ENGLISH BIBLE).xml","SF_2012-02-07_ENG_NHEB_(NEW HEART ENGLISH BIBLE).xml","737EE16D320E5A4432215F10FC2B3542"
"https://raw.githubusercontent.com/kohelet-net-admin/zefania-xml-bibles/master/Bibles/ENG/New%20Heart%20English%20Bible/SF_2014-02-26_ENG_NHEBJE_(NEW%20HEART%20ENGLISH%20BIBLE%20-%20JEHOVAH%20EDITION).xml",".\ENG\New Heart English Bible\SF_2014-02-26_ENG_NHEBJE_(NEW HEART ENGLISH BIBLE - JEHOVAH EDITION).xml","SF_2014-02-26_ENG_NHEBJE_(NEW HEART ENGLISH BIBLE - JEHOVAH EDITION).xml","A1D4140D31BBCB040ED9E5DE711B8366"
"https://raw.githubusercontent.com/kohelet-net-admin/zefania-xml-bibles/master/Bibles/ENG/New%20Heart%20English%20Bible/SF_2014-02-26_ENG_NHEBME_(NEW%20HEART%20ENGLISH%20BIBLE%20-%20MESSIANIC%20EDITION).xml",".\ENG\New Heart English Bible\SF_2014-02-26_ENG_NHEBME_(NEW HEART ENGLISH BIBLE - MESSIANIC EDITION).xml","SF_2014-02-26_ENG_NHEBME_(NEW HEART ENGLISH BIBLE - MESSIANIC EDITION).xml","A7AAF02BF39CC5BF0135723BAA4D4373"
"https://raw.githubusercontent.com/kohelet-net-admin/zefania-xml-bibles/master/Bibles/ENG/New%20Heart%20English%20Bible/SF_2015-08-15_ENG_NHEB_(NEW%20HEART%20ENGLISH%20BIBLE).xml",".\ENG\New Heart English Bible\SF_2015-08-15_ENG_NHEB_(NEW HEART ENGLISH BIBLE).xml","SF_2015-08-15_ENG_NHEB_(NEW HEART ENGLISH BIBLE).xml","462CEA0A8082B79D9E1385D6A1FD1295"
"https://raw.githubusercontent.com/kohelet-net-admin/zefania-xml-bibles/master/Bibles/ENG/New%20Heart%20English%20Bible/SF_2015-08-16_ENG_NHEBJE_(NNEW%20HEART%20ENGLISH%20BIBLE%20SPECIAL%20EDITION%20(JEHOVAH)).xml",".\ENG\New Heart English Bible\SF_2015-08-16_ENG_NHEBJE_(NNEW HEART ENGLISH BIBLE SPECIAL EDITION (JEHOVAH)).xml","SF_2015-08-16_ENG_NHEBJE_(NNEW HEART ENGLISH BIBLE SPECIAL EDITION (JEHOVAH)).xml","4438699E0D9E4F0EF3542B129D6971D4"
"https://raw.githubusercontent.com/kohelet-net-admin/zefania-xml-bibles/master/Bibles/ENG/New%20Heart%20English%20Bible/SF_2015-08-16_ENG_NHEBJM_(NEW%20HEART%20ENGLISH%20BIBLE%20SPECIAL%20EDITION%20(JESUS%20MESSIAH)).xml",".\ENG\New Heart English Bible\SF_2015-08-16_ENG_NHEBJM_(NEW HEART ENGLISH BIBLE SPECIAL EDITION (JESUS MESSIAH)).xml","SF_2015-08-16_ENG_NHEBJM_(NEW HEART ENGLISH BIBLE SPECIAL EDITION (JESUS MESSIAH)).xml","871353983F9A2A11A94722500678B1EE"
"https://raw.githubusercontent.com/kohelet-net-admin/zefania-xml-bibles/master/Bibles/ENG/New%20Heart%20English%20Bible/SF_2015-08-16_ENG_NHEBME_(NEW%20HEART%20ENGLISH%20BIBLE%20ME).xml",".\ENG\New Heart English Bible\SF_2015-08-16_ENG_NHEBME_(NEW HEART ENGLISH BIBLE ME).xml","SF_2015-08-16_ENG_NHEBME_(NEW HEART ENGLISH BIBLE ME).xml","8EDE6E46D8D323F509333248493D1F0F"
"https://raw.githubusercontent.com/kohelet-net-admin/zefania-xml-bibles/master/Bibles/ENG/New%20Heart%20English%20Bible/SF_2015-08-16_ENG_NHEBNTAN_(NEW%20HEART%20ENGLISH%20BIBLE%20SPECIAL%20EDITION,%20WITH%20ARAMAIC%20NAMES%20NEW%20TESTAMENT).xml",".\ENG\New Heart English Bible\SF_2015-08-16_ENG_NHEBNTAN_(NEW HEART ENGLISH BIBLE SPECIAL EDITION, WITH ARAMAIC NAMES NEW TESTAMENT).xml","SF_2015-08-16_ENG_NHEBNTAN_(NEW HEART ENGLISH BIBLE SPECIAL EDITION, WITH ARAMAIC NAMES NEW TESTAMENT).xml","F6B5C5B1B736683FC4A3AABD66A633CF"
"https://raw.githubusercontent.com/kohelet-net-admin/zefania-xml-bibles/master/Bibles/ENG/New%20Heart%20English%20Bible/SF_2015-08-16_ENG_NHEBYHWH_(NEW%20HEART%20ENGLISH%20BIBLE%20(YHWH)).xml",".\ENG\New Heart English Bible\SF_2015-08-16_ENG_NHEBYHWH_(NEW HEART ENGLISH BIBLE (YHWH)).xml","SF_2015-08-16_ENG_NHEBYHWH_(NEW HEART ENGLISH BIBLE (YHWH)).xml","D2701E16A645B62D3F77DB2CFAADB62E"
"https://raw.githubusercontent.com/kohelet-net-admin/zefania-xml-bibles/master/Bibles/ENG/New%20Simplified%20Bible/SF_2009-01-20_ENG_NSB_(NEW%20SIMPLIFIED%20BIBLE).xml",".\ENG\New Simplified Bible\SF_2009-01-20_ENG_NSB_(NEW SIMPLIFIED BIBLE).xml","SF_2009-01-20_ENG_NSB_(NEW SIMPLIFIED BIBLE).xml","8A8FE70A52547F0DBF00CE9D3453B5AB"
"https://raw.githubusercontent.com/kohelet-net-admin/zefania-xml-bibles/master/Bibles/ENG/Noyes%20Translation/SF_2009-01-20_ENG_NOYES_(NOYES%20TRANSLATION).xml",".\ENG\Noyes Translation\SF_2009-01-20_ENG_NOYES_(NOYES TRANSLATION).xml","SF_2009-01-20_ENG_NOYES_(NOYES TRANSLATION).xml","B31A47D8BC8E44A6A8EF1933CAD11F0B"
"https://raw.githubusercontent.com/kohelet-net-admin/zefania-xml-bibles/master/Bibles/ENG/Open%20English%20Bible%20(Commonwealth%20Spelling)/SF_2014-02-26_ENG_OEBCTH_(OPEN%20ENGLISH%20BIBLE%20(COMMONWEALTH%20SPELLING)).xml",".\ENG\Open English Bible (Commonwealth Spelling)\SF_2014-02-26_ENG_OEBCTH_(OPEN ENGLISH BIBLE (COMMONWEALTH SPELLING)).xml","SF_2014-02-26_ENG_OEBCTH_(OPEN ENGLISH BIBLE (COMMONWEALTH SPELLING)).xml","2AA951479392AC6855DEB2F70B68E485"
"https://raw.githubusercontent.com/kohelet-net-admin/zefania-xml-bibles/master/Bibles/ENG/Open%20English%20Bible%20(US%20Spelling)/SF_2012-08-08_ENG_OEB_(OPEN%20ENGLISH%20BIBLE%20(US%20SPELLING)).xml",".\ENG\Open English Bible (US Spelling)\SF_2012-08-08_ENG_OEB_(OPEN ENGLISH BIBLE (US SPELLING)).xml","SF_2012-08-08_ENG_OEB_(OPEN ENGLISH BIBLE (US SPELLING)).xml","AACCA6C23B5A10128E48CCE05DE66024"
"https://raw.githubusercontent.com/kohelet-net-admin/zefania-xml-bibles/master/Bibles/ENG/Revised%201833%20Webster%20Version/SF_2009-01-20_ENG_RWEBSTER_(REVISED%201833%20WEBSTER%20VERSION).xml",".\ENG\Revised 1833 Webster Version\SF_2009-01-20_ENG_RWEBSTER_(REVISED 1833 WEBSTER VERSION).xml","SF_2009-01-20_ENG_RWEBSTER_(REVISED 1833 WEBSTER VERSION).xml","B36F2E1A92CB0C9D5C1F29B83E59CBEF"
"https://raw.githubusercontent.com/kohelet-net-admin/zefania-xml-bibles/master/Bibles/ENG/Revised%201833%20Webster%20Version%20with%20Strongs/SF_2009-01-22_ENG_RWEBSTER_(REVISED%201833%20WEBSTER%20VERSION%20WITH%20STRONGS).xml",".\ENG\Revised 1833 Webster Version with Strongs\SF_2009-01-22_ENG_RWEBSTER_(REVISED 1833 WEBSTER VERSION WITH STRONGS).xml","SF_2009-01-22_ENG_RWEBSTER_(REVISED 1833 WEBSTER VERSION WITH STRONGS).xml","19C9D6EE02628F82BD89FB5BCA149394"
"https://raw.githubusercontent.com/kohelet-net-admin/zefania-xml-bibles/master/Bibles/ENG/Revised%20Standard%20Version/SF_2009-01-22_ENG_RSV_(REVISED%20STANDARD%20VERSION).xml",".\ENG\Revised Standard Version\SF_2009-01-22_ENG_RSV_(REVISED STANDARD VERSION).xml","SF_2009-01-22_ENG_RSV_(REVISED STANDARD VERSION).xml","153628625BCB9B1D8438E5C3D3E8E642"
"https://raw.githubusercontent.com/kohelet-net-admin/zefania-xml-bibles/master/Bibles/ENG/Revised%20Youngs%20Literal%20Translation%20NT/SF_2009-01-22_ENG_RYLT_(REVISED%20YOUNG'S%20LITERAL%20TRANSLATION%20NT).xml",".\ENG\Revised Youngs Literal Translation NT\SF_2009-01-22_ENG_RYLT_(REVISED YOUNG'S LITERAL TRANSLATION NT).xml","SF_2009-01-22_ENG_RYLT_(REVISED YOUNG'S LITERAL TRANSLATION NT).xml","9E6A02DE9AC79C04A63045A347864D94"
"https://raw.githubusercontent.com/kohelet-net-admin/zefania-xml-bibles/master/Bibles/ENG/Rotherham%20Version/SF_2009-01-22_ENG_ROTH_(ROTHERHAM%20VERSION).xml",".\ENG\Rotherham Version\SF_2009-01-22_ENG_ROTH_(ROTHERHAM VERSION).xml","SF_2009-01-22_ENG_ROTH_(ROTHERHAM VERSION).xml","9350AC2FCC170AD22EECDC932EAF8C2E"
"https://raw.githubusercontent.com/kohelet-net-admin/zefania-xml-bibles/master/Bibles/ENG/Samaritan%20Pentateuch%20in%20English/SF_2014-02-26_ENG_SPE_(SAMARITAN%20PENTATEUCH%20IN%20ENGLISH).xml",".\ENG\Samaritan Pentateuch in English\SF_2014-02-26_ENG_SPE_(SAMARITAN PENTATEUCH IN ENGLISH).xml","SF_2014-02-26_ENG_SPE_(SAMARITAN PENTATEUCH IN ENGLISH).xml","34B01B63D1398636CCA668B1AEE232CD"
"https://raw.githubusercontent.com/kohelet-net-admin/zefania-xml-bibles/master/Bibles/ENG/The%20Book%20of%20Mormon/SF_2009-01-23_ENG_BOM_(THE%20BOOK%20OF%20MORMON).xml",".\ENG\The Book of Mormon\SF_2009-01-23_ENG_BOM_(THE BOOK OF MORMON).xml","SF_2009-01-23_ENG_BOM_(THE BOOK OF MORMON).xml","BCFFF3E9A364DB2966C11545E096DD56"
"https://raw.githubusercontent.com/kohelet-net-admin/zefania-xml-bibles/master/Bibles/ENG/The%20Common%20Edition%20New%20Testament/SF_2009-01-20_ENG_TCE_(THE%20COMMON%20EDITION%20NT).xml",".\ENG\The Common Edition New Testament\SF_2009-01-20_ENG_TCE_(THE COMMON EDITION NT).xml","SF_2009-01-20_ENG_TCE_(THE COMMON EDITION NT).xml","60552218359ADF7D4DB20EEBD838EBC6"
"https://raw.githubusercontent.com/kohelet-net-admin/zefania-xml-bibles/master/Bibles/ENG/The%20Epistle%20to%20the%20Galatians%20English%20version%20of%20the%20translation%20by%20Hermann%20Detering/SF_25.04.2004_ENG_MARCGAL_(THE%20EPISTLE%20TO%20THE%20GALATIANS(DETERING)).xml",".\ENG\The Epistle to the Galatians English version of the translation by Hermann Detering\SF_25.04.2004_ENG_MARCGAL_(THE EPISTLE TO THE GALATIANS(DETERING)).xml","SF_25.04.2004_ENG_MARCGAL_(THE EPISTLE TO THE GALATIANS(DETERING)).xml","7F00C00EC5164C9CB64E6114660D1C35"
"https://raw.githubusercontent.com/kohelet-net-admin/zefania-xml-bibles/master/Bibles/ENG/The%20Lexham%20English%20Bible/SF_2010-03-29_ENG_LEB_(THE%20LEXHAM%20ENGLISH%20BIBLE).xml",".\ENG\The Lexham English Bible\SF_2010-03-29_ENG_LEB_(THE LEXHAM ENGLISH BIBLE).xml","SF_2010-03-29_ENG_LEB_(THE LEXHAM ENGLISH BIBLE).xml","A3FD7CB889E3B51E5C9215BB0EA21F24"
"https://raw.githubusercontent.com/kohelet-net-admin/zefania-xml-bibles/master/Bibles/ENG/The%20Orthodox%20Jewish%20Brit%20Chadasha/SF_2009-01-23_ENG_ORTHJBC_(THE%20ORTHODOX%20JEWISH%20BRIT%20CHADASHA).xml",".\ENG\The Orthodox Jewish Brit Chadasha\SF_2009-01-23_ENG_ORTHJBC_(THE ORTHODOX JEWISH BRIT CHADASHA).xml","SF_2009-01-23_ENG_ORTHJBC_(THE ORTHODOX JEWISH BRIT CHADASHA).xml","70E1154117540F63A65491742EB7AA67"
"https://raw.githubusercontent.com/kohelet-net-admin/zefania-xml-bibles/master/Bibles/ENG/The%20Riverside%20New%20Testament/SF_2009-01-20_ENG_RNT_(THE%20RIVERSIDE%20NEW%20TESTAMENT).xml",".\ENG\The Riverside New Testament\SF_2009-01-20_ENG_RNT_(THE RIVERSIDE NEW TESTAMENT).xml","SF_2009-01-20_ENG_RNT_(THE RIVERSIDE NEW TESTAMENT).xml","A1B8A237342418DF5440B070879AAB34"
"https://raw.githubusercontent.com/kohelet-net-admin/zefania-xml-bibles/master/Bibles/ENG/Torreys%20Topical%20Textbook/SF_2006-03-02_ENG_TTB_(TORREY'S%20TOPICAL%20TEXTBOOK).xml",".\ENG\Torreys Topical Textbook\SF_2006-03-02_ENG_TTB_(TORREY'S TOPICAL TEXTBOOK).xml","SF_2006-03-02_ENG_TTB_(TORREY'S TOPICAL TEXTBOOK).xml","1ED1CE7DDC477941BC5AA9ACFDB751F4"
"https://raw.githubusercontent.com/kohelet-net-admin/zefania-xml-bibles/master/Bibles/ENG/Updated%20Bible%20Version/SF_2009-01-20_ENG_UPDV_(UPDATED%20BIBLE%20VERSION).xml",".\ENG\Updated Bible Version\SF_2009-01-20_ENG_UPDV_(UPDATED BIBLE VERSION).xml","SF_2009-01-20_ENG_UPDV_(UPDATED BIBLE VERSION).xml","49340B340518D487F5160C5AA085284B"
"https://raw.githubusercontent.com/kohelet-net-admin/zefania-xml-bibles/master/Bibles/ENG/VW-Edition%202006/SF_2009-01-20_ENG_XXX_(VW-EDITION%202006).xml",".\ENG\VW-Edition 2006\SF_2009-01-20_ENG_XXX_(VW-EDITION 2006).xml","SF_2009-01-20_ENG_XXX_(VW-EDITION 2006).xml","D996D176443CDC73D09A0121E874E3E7"
"https://raw.githubusercontent.com/kohelet-net-admin/zefania-xml-bibles/master/Bibles/ENG/Webster/SF_2013-12-05_ENG_WBS_(WEBSTER).xml",".\ENG\Webster\SF_2013-12-05_ENG_WBS_(WEBSTER).xml","SF_2013-12-05_ENG_WBS_(WEBSTER).xml","7536DD0E46967DBEFD04205684233E8F"
"https://raw.githubusercontent.com/kohelet-net-admin/zefania-xml-bibles/master/Bibles/ENG/Wesleys%20NT/SF_2009-01-20_ENG_WESLEY_(WESLEY'S%20NT).xml",".\ENG\Wesleys NT\SF_2009-01-20_ENG_WESLEY_(WESLEY'S NT).xml","SF_2009-01-20_ENG_WESLEY_(WESLEY'S NT).xml","F8CACE88C269DACAFFAE361FB5757B7C"
"https://raw.githubusercontent.com/kohelet-net-admin/zefania-xml-bibles/master/Bibles/ENG/Weymouth%20NT/SF_2009-01-20_ENG_WMTH_(WEYMOUTH%20NT).xml",".\ENG\Weymouth NT\SF_2009-01-20_ENG_WMTH_(WEYMOUTH NT).xml","SF_2009-01-20_ENG_WMTH_(WEYMOUTH NT).xml","34F421381DE65A101C0E1DBDD8D4D656"
"https://raw.githubusercontent.com/kohelet-net-admin/zefania-xml-bibles/master/Bibles/ENG/Willam%20Tyndale%20Bible/SF_2009-01-20_ENG_BIBLE_TYNDALE_(WILLAM%20TYNDALE%20BIBLE).xml",".\ENG\Willam Tyndale Bible\SF_2009-01-20_ENG_BIBLE_TYNDALE_(WILLAM TYNDALE BIBLE).xml","SF_2009-01-20_ENG_BIBLE_TYNDALE_(WILLAM TYNDALE BIBLE).xml","9A8CC94D82BD1B49535273C5CB643634"
"https://raw.githubusercontent.com/kohelet-net-admin/zefania-xml-bibles/master/Bibles/ENG/World%20English%20Bible/SF_2009-01-20_ENG_WEB_(WORLD%20ENGLISH%20BIBLE).xml",".\ENG\World English Bible\SF_2009-01-20_ENG_WEB_(WORLD ENGLISH BIBLE).xml","SF_2009-01-20_ENG_WEB_(WORLD ENGLISH BIBLE).xml","3BFB4037FB17BB1BBA9A2DFDAEC852D1"
"https://raw.githubusercontent.com/kohelet-net-admin/zefania-xml-bibles/master/Bibles/ENG/World%20English%20Bible%20-%20British%20Edition/SF_2014-02-26_ENG_WEBBE_(WORLD%20ENGLISH%20BIBLE%20-%20BRITISH%20EDITION).xml",".\ENG\World English Bible - British Edition\SF_2014-02-26_ENG_WEBBE_(WORLD ENGLISH BIBLE - BRITISH EDITION).xml","SF_2014-02-26_ENG_WEBBE_(WORLD ENGLISH BIBLE - BRITISH EDITION).xml","4892BF1C3BB46FC55C8E4501CB17D099"
"https://raw.githubusercontent.com/kohelet-net-admin/zefania-xml-bibles/master/Bibles/ENG/World%20English%20Bible%20-%20Messianic%20Edition/SF_2014-02-26_ENG_WEBME_(WORLD%20ENGLISH%20BIBLE%20-%20MESSIANIC%20EDITION).xml",".\ENG\World English Bible - Messianic Edition\SF_2014-02-26_ENG_WEBME_(WORLD ENGLISH BIBLE - MESSIANIC EDITION).xml","SF_2014-02-26_ENG_WEBME_(WORLD ENGLISH BIBLE - MESSIANIC EDITION).xml","0E2AFCF2278B37B2D428FF493B809700"
"https://raw.githubusercontent.com/kohelet-net-admin/zefania-xml-bibles/master/Bibles/ENG/YLT/SF_2009-01-20_ENG_YLT_(YLT).xml",".\ENG\YLT\SF_2009-01-20_ENG_YLT_(YLT).xml","SF_2009-01-20_ENG_YLT_(YLT).xml","737E9D086830AC075F256D0093726FB0"
"https://raw.githubusercontent.com/kohelet-net-admin/zefania-xml-bibles/master/Bibles/ESP/Esperanto%20Bible/SF_2009-01-20_ESP_ESP_(ESPERANTO%20BIBLE).xml",".\ESP\Esperanto Bible\SF_2009-01-20_ESP_ESP_(ESPERANTO BIBLE).xml","SF_2009-01-20_ESP_ESP_(ESPERANTO BIBLE).xml","42A612DB243DA029C1371BF1A552680F"
"https://raw.githubusercontent.com/kohelet-net-admin/zefania-xml-bibles/master/Bibles/FIN/Finish%20Version/SF_2009-01-20_FIN_FIN_(FINISH%20VERSION).xml",".\FIN\Finish Version\SF_2009-01-20_FIN_FIN_(FINISH VERSION).xml","SF_2009-01-20_FIN_FIN_(FINISH VERSION).xml","A31893A510960A431018AA9FF84447C4"
"https://raw.githubusercontent.com/kohelet-net-admin/zefania-xml-bibles/master/Bibles/FRE/Bible%20de%20Geneve%20de%201669/SF_2009-06-01_FRE_BGNT1669_(BIBLE%20DE%20GEN%c3%94VE%20DE%201669).xml",".\FRE\Bible de Geneve de 1669\SF_2009-06-01_FRE_BGNT1669_(BIBLE DE GENÔVE DE 1669).xml","SF_2009-06-01_FRE_BGNT1669_(BIBLE DE GENÔVE DE 1669).xml","377755D6C3A5122C5258C377F4F7BBAD"
"https://raw.githubusercontent.com/kohelet-net-admin/zefania-xml-bibles/master/Bibles/FRE/Bible%20des%20Peuples/SF_2011-07-10_FRE_BDP_(BIBLE%20DES%20PEUPLES).xml",".\FRE\Bible des Peuples\SF_2011-07-10_FRE_BDP_(BIBLE DES PEUPLES).xml","SF_2011-07-10_FRE_BDP_(BIBLE DES PEUPLES).xml","606E0E6C796FC53C94211B3DDA8EE3FF"
"https://raw.githubusercontent.com/kohelet-net-admin/zefania-xml-bibles/master/Bibles/FRE/Bible%20Martin/SF_2009-01-20_FRE_BM1744_(BIBLE%20MARTIN%201744).xml",".\FRE\Bible Martin\SF_2009-01-20_FRE_BM1744_(BIBLE MARTIN 1744).xml","SF_2009-01-20_FRE_BM1744_(BIBLE MARTIN 1744).xml","4E0260DEA39C52A9120CBDC4C2A5D883"
"https://raw.githubusercontent.com/kohelet-net-admin/zefania-xml-bibles/master/Bibles/FRE/Bible%20Martin/SF_2014-04-26_FRE_BM1707_(BIBLE%20MARTIN%201707).xml",".\FRE\Bible Martin\SF_2014-04-26_FRE_BM1707_(BIBLE MARTIN 1707).xml","SF_2014-04-26_FRE_BM1707_(BIBLE MARTIN 1707).xml","AA4C95B9061BC4488C873685E7F25DA0"
"https://raw.githubusercontent.com/kohelet-net-admin/zefania-xml-bibles/master/Bibles/FRE/Bible%20Perret-Gentil%20et%20Rilliet/SF_2012-01-07_FRE_FREPGR_(BIBLE%20PERRET-GENTIL%20ET%20RILLIET).xml",".\FRE\Bible Perret-Gentil et Rilliet\SF_2012-01-07_FRE_FREPGR_(BIBLE PERRET-GENTIL ET RILLIET).xml","SF_2012-01-07_FRE_FREPGR_(BIBLE PERRET-GENTIL ET RILLIET).xml","B3041196CD80112944C3F4C732B2AEAB"
"https://raw.githubusercontent.com/kohelet-net-admin/zefania-xml-bibles/master/Bibles/FRE/Bible%20Pirot-Clamer/SF_2009-06-02_FRE_BDC_(BIBLE%20PIROT-CLAMER).xml",".\FRE\Bible Pirot-Clamer\SF_2009-06-02_FRE_BDC_(BIBLE PIROT-CLAMER).xml","SF_2009-06-02_FRE_BDC_(BIBLE PIROT-CLAMER).xml","6F798E04BD05FF3F9BB6A940CDC26E3B"
"https://raw.githubusercontent.com/kohelet-net-admin/zefania-xml-bibles/master/Bibles/FRE/Bible%20Vigouroux%201902/SF_2012-03-16_FRE_VIGOUROUX_(BIBLE%20VIGOUROUX%201902).xml",".\FRE\Bible Vigouroux 1902\SF_2012-03-16_FRE_VIGOUROUX_(BIBLE VIGOUROUX 1902).xml","SF_2012-03-16_FRE_VIGOUROUX_(BIBLE VIGOUROUX 1902).xml","8FFA3EF8244CFE35016B538122E02C47"
"https://raw.githubusercontent.com/kohelet-net-admin/zefania-xml-bibles/master/Bibles/FRE/French%20Bible%20Bovet%20Bonnet%20(1900)/SF_2009-03-25_FRE_FREBBB_(FRENCH%20BIBLE%20BOVET%20BONNET%20(1900)).xml",".\FRE\French Bible Bovet Bonnet (1900)\SF_2009-03-25_FRE_FREBBB_(FRENCH BIBLE BOVET BONNET (1900)).xml","SF_2009-03-25_FRE_FREBBB_(FRENCH BIBLE BOVET BONNET (1900)).xml","A413466541684DBEE61E2D8D066BE296"
"https://raw.githubusercontent.com/kohelet-net-admin/zefania-xml-bibles/master/Bibles/FRE/French%20Darby/SF_2009-01-20_FRE_FRDARB_(FRENCH%20DARBY).xml",".\FRE\French Darby\SF_2009-01-20_FRE_FRDARB_(FRENCH DARBY).xml","SF_2009-01-20_FRE_FRDARB_(FRENCH DARBY).xml","BF8C425A333A32A3E93B77688650B0A3"
"https://raw.githubusercontent.com/kohelet-net-admin/zefania-xml-bibles/master/Bibles/FRE/French%20Darby%202006/SF_2009-06-06_FRE_JND_(FRENCH%20DARBY%202006).xml",".\FRE\French Darby 2006\SF_2009-06-06_FRE_JND_(FRENCH DARBY 2006).xml","SF_2009-06-06_FRE_JND_(FRENCH DARBY 2006).xml","8D328161B64C790114D7F09AAADEA93A"
"https://raw.githubusercontent.com/kohelet-net-admin/zefania-xml-bibles/master/Bibles/FRE/French%20Louis%20Segond/SF_2009-01-20_FRE_FREN_(FRENCH%20LOUIS%20SEGOND).xml",".\FRE\French Louis Segond\SF_2009-01-20_FRE_FREN_(FRENCH LOUIS SEGOND).xml","SF_2009-01-20_FRE_FREN_(FRENCH LOUIS SEGOND).xml","5ADDB6774F3A54E5947DACCD80AD9282"
"https://raw.githubusercontent.com/kohelet-net-admin/zefania-xml-bibles/master/Bibles/FRE/King%20James%20Francais/SF_2010-10-10_FRE_KJF_(KING%20JAMES%20FRAN%c3%87AISE).xml",".\FRE\King James Francais\SF_2010-10-10_FRE_KJF_(KING JAMES FRANÇAISE).xml","SF_2010-10-10_FRE_KJF_(KING JAMES FRANÇAISE).xml","958DF3EF9F5AF07A19795CBC3F114B01"
"https://raw.githubusercontent.com/kohelet-net-admin/zefania-xml-bibles/master/Bibles/FRE/La%20Bible%20Augustin%20Crampon%201923/SF_2009-01-20_FRE_CRAMP23_(LA%20BIBLE%20AUGUSTIN%20CRAMPON%201923).xml",".\FRE\La Bible Augustin Crampon 1923\SF_2009-01-20_FRE_CRAMP23_(LA BIBLE AUGUSTIN CRAMPON 1923).xml","SF_2009-01-20_FRE_CRAMP23_(LA BIBLE AUGUSTIN CRAMPON 1923).xml","D551A76AEFECC13B26259A2C26DADFA6"
"https://raw.githubusercontent.com/kohelet-net-admin/zefania-xml-bibles/master/Bibles/FRE/La%20Bible%20de%20Jerusalem/SF_2004-11-13_FRE_DEJER_(LA%20BIBLE%20DE%20J%c3%89RUSALEM).xml",".\FRE\La Bible de Jerusalem\SF_2004-11-13_FRE_DEJER_(LA BIBLE DE JÉRUSALEM).xml","SF_2004-11-13_FRE_DEJER_(LA BIBLE DE JÉRUSALEM).xml","9EF7702F59120D2028DB065EE4CBB3D2"
"https://raw.githubusercontent.com/kohelet-net-admin/zefania-xml-bibles/master/Bibles/FRE/La%20Bible%20de%20Saci%201759/SF_2010-09-05_FRE_SACC_(LA%20BIBLE%20DE%20SACI%201759).xml",".\FRE\La Bible de Saci 1759\SF_2010-09-05_FRE_SACC_(LA BIBLE DE SACI 1759).xml","SF_2010-09-05_FRE_SACC_(LA BIBLE DE SACI 1759).xml","6BAD25B8A25A43E304E7D139423056AC"
"https://raw.githubusercontent.com/kohelet-net-admin/zefania-xml-bibles/master/Bibles/FRE/La%20Bible%20de%20Zadoc%20Khan/SF_2009-12-21_FRE_BZKH_(LA%20BIBLE%20DE%20ZADOC%20KHAN).xml",".\FRE\La Bible de Zadoc Khan\SF_2009-12-21_FRE_BZKH_(LA BIBLE DE ZADOC KHAN).xml","SF_2009-12-21_FRE_BZKH_(LA BIBLE DE ZADOC KHAN).xml","BD841F79ED15F4381DC7C87BE8D1C423"
"https://raw.githubusercontent.com/kohelet-net-admin/zefania-xml-bibles/master/Bibles/FRE/La%20Bible%20J.F.%20Ostervald%201996/SF_2009-01-20_FRE_OSTV1996_(LA%20BIBLE%20JF%20OSTERVALD%201996).xml",".\FRE\La Bible J.F. Ostervald 1996\SF_2009-01-20_FRE_OSTV1996_(LA BIBLE JF OSTERVALD 1996).xml","SF_2009-01-20_FRE_OSTV1996_(LA BIBLE JF OSTERVALD 1996).xml","E43F04C5A3315B9C1CD10E1E9CF1FCCA"
"https://raw.githubusercontent.com/kohelet-net-admin/zefania-xml-bibles/master/Bibles/FRE/La%20Bible%20Machaira%202012/SF_2013-04-12_FRE_MACH2012_(LA%20BIBLE%20MACHAIRA).xml",".\FRE\La Bible Machaira 2012\SF_2013-04-12_FRE_MACH2012_(LA BIBLE MACHAIRA).xml","SF_2013-04-12_FRE_MACH2012_(LA BIBLE MACHAIRA).xml","203F4B1D443C2FEC9FB878C76A4B0845"
"https://raw.githubusercontent.com/kohelet-net-admin/zefania-xml-bibles/master/Bibles/FRE/La%20Bible%20Ostervald%201877/SF_2013-04-19_FRE_BO1877_(OSTERVALD%201877).xml",".\FRE\La Bible Ostervald 1877\SF_2013-04-19_FRE_BO1877_(OSTERVALD 1877).xml","SF_2013-04-19_FRE_BO1877_(OSTERVALD 1877).xml","26310A066E08E8ED08F25C82EF9D5CCB"
"https://raw.githubusercontent.com/kohelet-net-admin/zefania-xml-bibles/master/Bibles/FRE/Sainte%20Bible%20Fillion/SF_2010-05-15_FRE_FILL_(LA%20BIBLE%20FILLION%20DE%20LOUIS%20CLAUDE%20FILLION).xml",".\FRE\Sainte Bible Fillion\SF_2010-05-15_FRE_FILL_(LA BIBLE FILLION DE LOUIS CLAUDE FILLION).xml","SF_2010-05-15_FRE_FILL_(LA BIBLE FILLION DE LOUIS CLAUDE FILLION).xml","8FB31DF858E7629B17FBF05772F9588A"
"https://raw.githubusercontent.com/kohelet-net-admin/zefania-xml-bibles/master/Bibles/GAE/Gaelic%20Gospel%20of%20Mark/SF_2009-01-20_GAE_GAES_(GAELIC%20GOSPEL%20OF%20MARK).xml",".\GAE\Gaelic Gospel of Mark\SF_2009-01-20_GAE_GAES_(GAELIC GOSPEL OF MARK).xml","SF_2009-01-20_GAE_GAES_(GAELIC GOSPEL OF MARK).xml","407562CAA3CF0DC31B03A8AD4B568A8D"
"https://raw.githubusercontent.com/kohelet-net-admin/zefania-xml-bibles/master/Bibles/GER/Abraham%20Meister%20NT/SF_2009-01-20_GER_AMNT_(ABRAHAM%20MEISTER%20NT).xml",".\GER\Abraham Meister NT\SF_2009-01-20_GER_AMNT_(ABRAHAM MEISTER NT).xml","SF_2009-01-20_GER_AMNT_(ABRAHAM MEISTER NT).xml","1802F21074AD06889BA4B920A25E1A7A"
"https://raw.githubusercontent.com/kohelet-net-admin/zefania-xml-bibles/master/Bibles/GER/Albrecht%20Bibel%201926/SF_2009-01-20_GER_ALBRECHT1926_(ALBRECHT%20BIBEL%201926).xml",".\GER\Albrecht Bibel 1926\SF_2009-01-20_GER_ALBRECHT1926_(ALBRECHT BIBEL 1926).xml","SF_2009-01-20_GER_ALBRECHT1926_(ALBRECHT BIBEL 1926).xml","0CF09EEF544D87243481168FE54E6635"
"https://raw.githubusercontent.com/kohelet-net-admin/zefania-xml-bibles/master/Bibles/GER/Alemannische%20Bibel%20NT/SF_2009-01-20_GER_ALMNT_(ALEMANNISCHE%20BIBEL%20NT).xml",".\GER\Alemannische Bibel NT\SF_2009-01-20_GER_ALMNT_(ALEMANNISCHE BIBEL NT).xml","SF_2009-01-20_GER_ALMNT_(ALEMANNISCHE BIBEL NT).xml","F8565CC44D0E2EC7BE09F912C9CB47C3"
"https://raw.githubusercontent.com/kohelet-net-admin/zefania-xml-bibles/master/Bibles/GER/Bengel%20NT/SF_2009-01-20_GER_BIBLE_GERBEN_(BENGEL%20NT).xml",".\GER\Bengel NT\SF_2009-01-20_GER_BIBLE_GERBEN_(BENGEL NT).xml","SF_2009-01-20_GER_BIBLE_GERBEN_(BENGEL NT).xml","CB75022AC315526E5202F60A7E931912"
"https://raw.githubusercontent.com/kohelet-net-admin/zefania-xml-bibles/master/Bibles/GER/Elberfelder/Elberfelder%201905/SF_2009-01-20_GER_ELB1905_(ELBERFELDER%201905).xml",".\GER\Elberfelder\Elberfelder 1905\SF_2009-01-20_GER_ELB1905_(ELBERFELDER 1905).xml","SF_2009-01-20_GER_ELB1905_(ELBERFELDER 1905).xml","6CD542B3F3CDFD129CEA06ABCF1A8560"
"https://raw.githubusercontent.com/kohelet-net-admin/zefania-xml-bibles/master/Bibles/GER/Elberfelder/Elberfelder%201905/SF_2009-01-22_GER_ELB1905STR_(ELBERFELDER%201905).xml",".\GER\Elberfelder\Elberfelder 1905\SF_2009-01-22_GER_ELB1905STR_(ELBERFELDER 1905).xml","SF_2009-01-22_GER_ELB1905STR_(ELBERFELDER 1905).xml","62FB53A31BF60D81BFD65589EFD93205"
"https://raw.githubusercontent.com/kohelet-net-admin/zefania-xml-bibles/master/Bibles/GER/FreeBible2004/SF_2009-01-20_GER_FB2004_(FREEBIBLE2004).xml",".\GER\FreeBible2004\SF_2009-01-20_GER_FB2004_(FREEBIBLE2004).xml","SF_2009-01-20_GER_FB2004_(FREEBIBLE2004).xml","CB56B8B6796015E092450A701E71E3E8"
"https://raw.githubusercontent.com/kohelet-net-admin/zefania-xml-bibles/master/Bibles/GER/Gruenewalder/SF_2009-01-20_GER_GB_(GR%c3%9cNEWALDER).xml",".\GER\Gruenewalder\SF_2009-01-20_GER_GB_(GRÜNEWALDER).xml","SF_2009-01-20_GER_GB_(GRÜNEWALDER).xml","1D5B602C86AC8D7B3BC2D996D40F1E83"
"https://raw.githubusercontent.com/kohelet-net-admin/zefania-xml-bibles/master/Bibles/GER/Interlinearuebersetzung/SF_2009-01-20_GER_ILGRDE_(INTERLINEAR%c3%9cBERSETZUNG).xml",".\GER\Interlinearuebersetzung\SF_2009-01-20_GER_ILGRDE_(INTERLINEARÜBERSETZUNG).xml","SF_2009-01-20_GER_ILGRDE_(INTERLINEARÜBERSETZUNG).xml","E1BBBEFF89C6A1A257DCC46959208484"
"https://raw.githubusercontent.com/kohelet-net-admin/zefania-xml-bibles/master/Bibles/GER/Johannes%20Greber%201936%20NT/SF_2009-01-20_GER_GREB_(JOHANNES%20GREBER%201936%20NT).xml",".\GER\Johannes Greber 1936 NT\SF_2009-01-20_GER_GREB_(JOHANNES GREBER 1936 NT).xml","SF_2009-01-20_GER_GREB_(JOHANNES GREBER 1936 NT).xml","AC4AF6841AD919B6F575B7582E8333A5"
"https://raw.githubusercontent.com/kohelet-net-admin/zefania-xml-bibles/master/Bibles/GER/Konkordantes%20NT/SF_2009-01-22_GER_KNT_(KONKORDANTES%20NT).xml",".\GER\Konkordantes NT\SF_2009-01-22_GER_KNT_(KONKORDANTES NT).xml","SF_2009-01-22_GER_KNT_(KONKORDANTES NT).xml","B2ADF45613C84C0B3302B3B093D0E977"
"https://raw.githubusercontent.com/kohelet-net-admin/zefania-xml-bibles/master/Bibles/GER/Leander%20van%20Ess/SF_2012-07-12_GER_VANESS_(LEANDER%20VAN%20ESS_REV2).xml",".\GER\Leander van Ess\SF_2012-07-12_GER_VANESS_(LEANDER VAN ESS_REV2).xml","SF_2012-07-12_GER_VANESS_(LEANDER VAN ESS_REV2).xml","EF34A2B65EE45B39A3463863B93AB931"
"https://raw.githubusercontent.com/kohelet-net-admin/zefania-xml-bibles/master/Bibles/GER/Lutherbibel/Luther%201545/SF_2009-01-20_GER_LUTH1545_(LUTHER%201545).xml",".\GER\Lutherbibel\Luther 1545\SF_2009-01-20_GER_LUTH1545_(LUTHER 1545).xml","SF_2009-01-20_GER_LUTH1545_(LUTHER 1545).xml","C19DA1EDE282398AE599047D154A9F46"
"https://raw.githubusercontent.com/kohelet-net-admin/zefania-xml-bibles/master/Bibles/GER/Lutherbibel/Luther%201545%20(Letzte%20Hand)/SF_2009-01-20_GER_LUT_1545_LH_(LUTHER%201545%20(LETZTE%20HAND)).xml",".\GER\Lutherbibel\Luther 1545 (Letzte Hand)\SF_2009-01-20_GER_LUT_1545_LH_(LUTHER 1545 (LETZTE HAND)).xml","SF_2009-01-20_GER_LUT_1545_LH_(LUTHER 1545 (LETZTE HAND)).xml","C8BDF07A07EBB70D2C6EBD9A885EF6D8"
"https://raw.githubusercontent.com/kohelet-net-admin/zefania-xml-bibles/master/Bibles/GER/Lutherbibel/Luther%201545%20(Letzte%20Hand)/SF_2012-08-14_DEUTSCH_LUT_1545_LH_(LUTHER%201545%20(LETZTE%20HAND)).xml",".\GER\Lutherbibel\Luther 1545 (Letzte Hand)\SF_2012-08-14_DEUTSCH_LUT_1545_LH_(LUTHER 1545 (LETZTE HAND)).xml","SF_2012-08-14_DEUTSCH_LUT_1545_LH_(LUTHER 1545 (LETZTE HAND)).xml","CCF4E8D43DE1281C92F1BD8D8A0B21A5"
"https://raw.githubusercontent.com/kohelet-net-admin/zefania-xml-bibles/master/Bibles/GER/Lutherbibel/Luther%201545%20mit%20Strongs/SF_2009-01-20_GER_LUTH1545STR_(LUTHER%201545%20MIT%20STRONGS).xml",".\GER\Lutherbibel\Luther 1545 mit Strongs\SF_2009-01-20_GER_LUTH1545STR_(LUTHER 1545 MIT STRONGS).xml","SF_2009-01-20_GER_LUTH1545STR_(LUTHER 1545 MIT STRONGS).xml","C2B315A93FF3E44EFA1967BF52C7AB18"
"https://raw.githubusercontent.com/kohelet-net-admin/zefania-xml-bibles/master/Bibles/GER/Lutherbibel/Luther%201912/SF_2009-01-20_GER_LUTH1912_(LUTHER%201912).xml",".\GER\Lutherbibel\Luther 1912\SF_2009-01-20_GER_LUTH1912_(LUTHER 1912).xml","SF_2009-01-20_GER_LUTH1912_(LUTHER 1912).xml","A94BB76AB8A7E41CE674BC2014A0AB39"
"https://raw.githubusercontent.com/kohelet-net-admin/zefania-xml-bibles/master/Bibles/GER/Lutherbibel/Luther%201912%20-%20mit%20Apokryphen/SF_2006-12-20_GER_LUTH1912AP_(LUTHER%201912%20-%20MIT%20APOKRYPHEN).xml",".\GER\Lutherbibel\Luther 1912 - mit Apokryphen\SF_2006-12-20_GER_LUTH1912AP_(LUTHER 1912 - MIT APOKRYPHEN).xml","SF_2006-12-20_GER_LUTH1912AP_(LUTHER 1912 - MIT APOKRYPHEN).xml","E538F83FDF185526611BDD0322E7CA51"
"https://raw.githubusercontent.com/kohelet-net-admin/zefania-xml-bibles/master/Bibles/GER/Menge-Bibel/SF_2010-01-01_GER_MENG39_(MENGE-BIBEL).xml",".\GER\Menge-Bibel\SF_2010-01-01_GER_MENG39_(MENGE-BIBEL).xml","SF_2010-01-01_GER_MENG39_(MENGE-BIBEL).xml","AB10724F4D3A5C4749FE0C9639A652BE"
"https://raw.githubusercontent.com/kohelet-net-admin/zefania-xml-bibles/master/Bibles/GER/Neue%20evangelistische%20Uebersetzung/SF_2009-01-20_GER_NE%c3%9c_(NEUE%20EVANGELISTISCHE%20%c3%9cBERSETZUNG).xml",".\GER\Neue evangelistische Uebersetzung\SF_2009-01-20_GER_NEÜ_(NEUE EVANGELISTISCHE ÜBERSETZUNG).xml","SF_2009-01-20_GER_NEÜ_(NEUE EVANGELISTISCHE ÜBERSETZUNG).xml","610F3F6019941981BCFC203138093254"
"https://raw.githubusercontent.com/kohelet-net-admin/zefania-xml-bibles/master/Bibles/GER/Neue%20evangelistische%20Uebersetzung/SF_2010-06-10_GER_GERNEUE_(NEUE%20EVANGELISTISCHE%20%c3%9cBERSETZUNG).xml",".\GER\Neue evangelistische Uebersetzung\SF_2010-06-10_GER_GERNEUE_(NEUE EVANGELISTISCHE ÜBERSETZUNG).xml","SF_2010-06-10_GER_GERNEUE_(NEUE EVANGELISTISCHE ÜBERSETZUNG).xml","EB0C40B978207829B31F1AFA040F0607"
"https://raw.githubusercontent.com/kohelet-net-admin/zefania-xml-bibles/master/Bibles/GER/Neue%20evangelistische%20Uebersetzung/SF_2012-01-07_GER_GERNEUE_(NEUE%20EVANGELISTISCHE%20%c3%9cBERSETZUNG).xml",".\GER\Neue evangelistische Uebersetzung\SF_2012-01-07_GER_GERNEUE_(NEUE EVANGELISTISCHE ÜBERSETZUNG).xml","SF_2012-01-07_GER_GERNEUE_(NEUE EVANGELISTISCHE ÜBERSETZUNG).xml","2BB0D134777E53465F7ECCDDE32B1548"
"https://raw.githubusercontent.com/kohelet-net-admin/zefania-xml-bibles/master/Bibles/GER/Neue%20evangelistische%20Uebersetzung/SF_2014-02-25_GER_GERNEUE_(NEUE%20EVANGELISTISCHE%20%c3%9cBERSETZUNG).xml",".\GER\Neue evangelistische Uebersetzung\SF_2014-02-25_GER_GERNEUE_(NEUE EVANGELISTISCHE ÜBERSETZUNG).xml","SF_2014-02-25_GER_GERNEUE_(NEUE EVANGELISTISCHE ÜBERSETZUNG).xml","653D04A1197CAF1D5EB7496437DAEE33"
"https://raw.githubusercontent.com/kohelet-net-admin/zefania-xml-bibles/master/Bibles/GER/Neue%20evangelistische%20Uebersetzung/SF_2014-03-23_GER_GERNEUE_(NEUE%20EVANGELISTISCHE%20%c3%9cBERSETZUNG).xml",".\GER\Neue evangelistische Uebersetzung\SF_2014-03-23_GER_GERNEUE_(NEUE EVANGELISTISCHE ÜBERSETZUNG).xml","SF_2014-03-23_GER_GERNEUE_(NEUE EVANGELISTISCHE ÜBERSETZUNG).xml","D5A4314E9A4C334F7FDD1AD854BECC3E"
"https://raw.githubusercontent.com/kohelet-net-admin/zefania-xml-bibles/master/Bibles/GER/Neue%20evangelistische%20Uebersetzung/SF_2014-09-30_GER_NE%c3%9c_(NEUE%20EVANGELISTISCHE%20%c3%9cBERSETZUNG%20(NE%c3%9c)).xml",".\GER\Neue evangelistische Uebersetzung\SF_2014-09-30_GER_NEÜ_(NEUE EVANGELISTISCHE ÜBERSETZUNG (NEÜ)).xml","SF_2014-09-30_GER_NEÜ_(NEUE EVANGELISTISCHE ÜBERSETZUNG (NEÜ)).xml","5BAF1ACF43273CFBCE44B42E8623D64F"
"https://raw.githubusercontent.com/kohelet-net-admin/zefania-xml-bibles/master/Bibles/GER/Pattloch%20Bibel/SF_2009-01-20_GER_PAT80_(PATTLOCH%20BIBEL).xml",".\GER\Pattloch Bibel\SF_2009-01-20_GER_PAT80_(PATTLOCH BIBEL).xml","SF_2009-01-20_GER_PAT80_(PATTLOCH BIBEL).xml","69607B6033C2436D7203CA657C63A613"
"https://raw.githubusercontent.com/kohelet-net-admin/zefania-xml-bibles/master/Bibles/GER/Pattloch%20Bibel/SF_2011-01-24_GER_PAT80_(PATTLOCH%20BIBEL).xml",".\GER\Pattloch Bibel\SF_2011-01-24_GER_PAT80_(PATTLOCH BIBEL).xml","SF_2011-01-24_GER_PAT80_(PATTLOCH BIBEL).xml","0D569C1DD0510A374A4CE5CEEBDDE6CB"
"https://raw.githubusercontent.com/kohelet-net-admin/zefania-xml-bibles/master/Bibles/GER/Reinhardt%201910%20Evangelien/SF_2009-01-20_GER_REI10EV_(REINHARDT%201910%20EVANGELIEN).xml",".\GER\Reinhardt 1910 Evangelien\SF_2009-01-20_GER_REI10EV_(REINHARDT 1910 EVANGELIEN).xml","SF_2009-01-20_GER_REI10EV_(REINHARDT 1910 EVANGELIEN).xml","275FF88A4CC369F9957F7ECC3BF6FF9F"
"https://raw.githubusercontent.com/kohelet-net-admin/zefania-xml-bibles/master/Bibles/GER/Schlachterbibel/Schlachter%201951/SF_2009-01-20_GER_SCH1951_(SCHLACHTER%201951).xml",".\GER\Schlachterbibel\Schlachter 1951\SF_2009-01-20_GER_SCH1951_(SCHLACHTER 1951).xml","SF_2009-01-20_GER_SCH1951_(SCHLACHTER 1951).xml","BC79AA095A23F3DECAC69D3EC2EA3027"
"https://raw.githubusercontent.com/kohelet-net-admin/zefania-xml-bibles/master/Bibles/GER/Schlachterbibel/Schlachter%20Bibel%201951%20with%20Strong/SF_2009-01-20_GER_SCH1951_(SCHLACHTER%20BIBEL%201951%20WITH%20STRONG).xml",".\GER\Schlachterbibel\Schlachter Bibel 1951 with Strong\SF_2009-01-20_GER_SCH1951_(SCHLACHTER BIBEL 1951 WITH STRONG).xml","SF_2009-01-20_GER_SCH1951_(SCHLACHTER BIBEL 1951 WITH STRONG).xml","B0BFB438EF07DD15B3A5EC139932DF11"
"https://raw.githubusercontent.com/kohelet-net-admin/zefania-xml-bibles/master/Bibles/GER/Tafelbibel/SF_2009-01-20_GER_TAF_(TAFELBIBEL).xml",".\GER\Tafelbibel\SF_2009-01-20_GER_TAF_(TAFELBIBEL).xml","SF_2009-01-20_GER_TAF_(TAFELBIBEL).xml","9B47168E429E73AC1C98C1DD98F6E28A"
"https://raw.githubusercontent.com/kohelet-net-admin/zefania-xml-bibles/master/Bibles/GER/Textbibel/SF_2009-01-20_GER_TEXTBIBELAT_(TEXTBIBEL).xml",".\GER\Textbibel\SF_2009-01-20_GER_TEXTBIBELAT_(TEXTBIBEL).xml","SF_2009-01-20_GER_TEXTBIBELAT_(TEXTBIBEL).xml","EDC6AD32D390E1B0C9B9C31FD63B6F7F"
"https://raw.githubusercontent.com/kohelet-net-admin/zefania-xml-bibles/master/Bibles/GER/Textbibel/SF_2009-04-06_GER_TB_(TEXTBIBEL).xml",".\GER\Textbibel\SF_2009-04-06_GER_TB_(TEXTBIBEL).xml","SF_2009-04-06_GER_TB_(TEXTBIBEL).xml","7B65E1DA7E61B73CB746CBC692F9CD01"
"https://raw.githubusercontent.com/kohelet-net-admin/zefania-xml-bibles/master/Bibles/GER/Volxbibel%203.0/SF_2009-01-20_GER_VLX3_(VOLXBIBEL%203_0).xml",".\GER\Volxbibel 3.0\SF_2009-01-20_GER_VLX3_(VOLXBIBEL 3_0).xml","SF_2009-01-20_GER_VLX3_(VOLXBIBEL 3_0).xml","B0EBE9859321E39987EA6530E2E315C0"
"https://raw.githubusercontent.com/kohelet-net-admin/zefania-xml-bibles/master/Bibles/GER/Zuercher%20Bibel%201931/SF_2009-04-12_GER_Z%c3%9cRCHER_(Z%c3%9cRCHER%20BIBEL%201931).xml",".\GER\Zuercher Bibel 1931\SF_2009-04-12_GER_ZÜRCHER_(ZÜRCHER BIBEL 1931).xml","SF_2009-04-12_GER_ZÜRCHER_(ZÜRCHER BIBEL 1931).xml","31DB4C2D07F084FEE5207D915AF80EA7"
"https://raw.githubusercontent.com/kohelet-net-admin/zefania-xml-bibles/master/Bibles/GLA/Gaelic%20Scripture%20(Manx%20Gaelic)/SF_2009-01-23_GLA_GLA2_(GAELIC%20SCRIPTURE%20(MANX%20GAELIC)).xml",".\GLA\Gaelic Scripture (Manx Gaelic)\SF_2009-01-23_GLA_GLA2_(GAELIC SCRIPTURE (MANX GAELIC)).xml","SF_2009-01-23_GLA_GLA2_(GAELIC SCRIPTURE (MANX GAELIC)).xml","79D241D34795BD78A708D3F01C982B0C"
"https://raw.githubusercontent.com/kohelet-net-admin/zefania-xml-bibles/master/Bibles/GOT/Gothic%20Codex%20Ambrosianus%20A,%20and%20Manuscripts/SF_2009-01-23_GOT_GOTA_(GOTHIC%20CODEX%20AMBROSIANUS%20A,%20AND%20MANUSCRIPTS).xml",".\GOT\Gothic Codex Ambrosianus A, and Manuscripts\SF_2009-01-23_GOT_GOTA_(GOTHIC CODEX AMBROSIANUS A, AND MANUSCRIPTS).xml","SF_2009-01-23_GOT_GOTA_(GOTHIC CODEX AMBROSIANUS A, AND MANUSCRIPTS).xml","AA7963FE118A194F200CBCC4022080D5"
"https://raw.githubusercontent.com/kohelet-net-admin/zefania-xml-bibles/master/Bibles/GOT/Gothic%20Codices%20Ambrosianus%20B/SF_2009-01-23_GOT_GOTB_(GOTHIC%20CODICES%20AMBROSIANUS%20B).xml",".\GOT\Gothic Codices Ambrosianus B\SF_2009-01-23_GOT_GOTB_(GOTHIC CODICES AMBROSIANUS B).xml","SF_2009-01-23_GOT_GOTB_(GOTHIC CODICES AMBROSIANUS B).xml","0F1BF58408C15B30ED1A5D79C6ED925A"
"https://raw.githubusercontent.com/kohelet-net-admin/zefania-xml-bibles/master/Bibles/GRC/Antoniades%20Patriarchal%20Edition%20(1904-1912)/SF_2014-02-25_GRC_ANTONIADES_(ANTONIADES%20PATRIARCHAL%20EDITION%20(1904-1912)).xml",".\GRC\Antoniades Patriarchal Edition (1904-1912)\SF_2014-02-25_GRC_ANTONIADES_(ANTONIADES PATRIARCHAL EDITION (1904-1912)).xml","SF_2014-02-25_GRC_ANTONIADES_(ANTONIADES PATRIARCHAL EDITION (1904-1912)).xml","70CD80AC7E626BFA92E63C5545DE78EC"
"https://raw.githubusercontent.com/kohelet-net-admin/zefania-xml-bibles/master/Bibles/GRC/Byzantine/Majority%20Text%20(2000)/SF_2009-01-20_GRC_BZY2000_(BYZANTINE%20MAJORITY%20TEXT%20(2000%20PLUS%20STRONGS)).xml",".\GRC\Byzantine\Majority Text (2000)\SF_2009-01-20_GRC_BZY2000_(BYZANTINE MAJORITY TEXT (2000 PLUS STRONGS)).xml","SF_2009-01-20_GRC_BZY2000_(BYZANTINE MAJORITY TEXT (2000 PLUS STRONGS)).xml","BEA34BF83F8EE1C8AC35C9BAEBBE9E3F"
"https://raw.githubusercontent.com/kohelet-net-admin/zefania-xml-bibles/master/Bibles/GRC/Byzantine/Majority%20Text%20(2000)/SF_2009-01-20_GRC_BZY2000_(BYZANTINE%20MAJORITY%20TEXT%20(2000)).xml",".\GRC\Byzantine\Majority Text (2000)\SF_2009-01-20_GRC_BZY2000_(BYZANTINE MAJORITY TEXT (2000)).xml","SF_2009-01-20_GRC_BZY2000_(BYZANTINE MAJORITY TEXT (2000)).xml","E8CD397D2A8849C24AE772CEAC6BD933"
"https://raw.githubusercontent.com/kohelet-net-admin/zefania-xml-bibles/master/Bibles/GRC/Elzevir%20Textus%20Receptus%20(1624)/SF_2014-02-25_GRC_ELZEVIR_(ELZEVIR%20TEXTUS%20RECEPTUS%20(1624)).xml",".\GRC\Elzevir Textus Receptus (1624)\SF_2014-02-25_GRC_ELZEVIR_(ELZEVIR TEXTUS RECEPTUS (1624)).xml","SF_2014-02-25_GRC_ELZEVIR_(ELZEVIR TEXTUS RECEPTUS (1624)).xml","176F98B6BBB75B473B5E0E085DA15651"
"https://raw.githubusercontent.com/kohelet-net-admin/zefania-xml-bibles/master/Bibles/GRC/Family%2035%20group%20of%20Byzantine%20manuscripts/SF_2014-02-25_GRC_F35_(FAMILY%2035).xml",".\GRC\Family 35 group of Byzantine manuscripts\SF_2014-02-25_GRC_F35_(FAMILY 35).xml","SF_2014-02-25_GRC_F35_(FAMILY 35).xml","8397EBE4BDC5D83D5ECB7F5CCCAE5BCD"
"https://raw.githubusercontent.com/kohelet-net-admin/zefania-xml-bibles/master/Bibles/GRC/Greek%20New%20Testament/SF_2005-03-14_GRC_GNTV_(GREEK%20NEW%20TESTAMENT(VARIANTS)).xml",".\GRC\Greek New Testament\SF_2005-03-14_GRC_GNTV_(GREEK NEW TESTAMENT(VARIANTS)).xml","SF_2005-03-14_GRC_GNTV_(GREEK NEW TESTAMENT(VARIANTS)).xml","0996D60BC43CBC2A43B7DABB9B01D941"
"https://raw.githubusercontent.com/kohelet-net-admin/zefania-xml-bibles/master/Bibles/GRC/Greek%20NT%201550/SF_2009-01-20_GRC_GREEK1550_(GREEK%20NT%201550).xml",".\GRC\Greek NT 1550\SF_2009-01-20_GRC_GREEK1550_(GREEK NT 1550).xml","SF_2009-01-20_GRC_GREEK1550_(GREEK NT 1550).xml","CC74E5DADBBA2C529E746AD97B9985DB"
"https://raw.githubusercontent.com/kohelet-net-admin/zefania-xml-bibles/master/Bibles/GRC/Greek%20NT%201894/SF_2009-01-20_GRC_GREEK1894_(GREEK%20NT%201894).xml",".\GRC\Greek NT 1894\SF_2009-01-20_GRC_GREEK1894_(GREEK NT 1894).xml","SF_2009-01-20_GRC_GREEK1894_(GREEK NT 1894).xml","2749D62025DCAF0DED73FB6493EFAFB4"
"https://raw.githubusercontent.com/kohelet-net-admin/zefania-xml-bibles/master/Bibles/GRC/Greek%20NT%20Tischendorf%208th%20Ed/SF_2009-01-20_GRC_GRTISCH8_(GREEK%20NT%20TISCHENDORF%208TH%20ED).xml",".\GRC\Greek NT Tischendorf 8th Ed\SF_2009-01-20_GRC_GRTISCH8_(GREEK NT TISCHENDORF 8TH ED).xml","SF_2009-01-20_GRC_GRTISCH8_(GREEK NT TISCHENDORF 8TH ED).xml","1B7FBFE83CA4219C1C483F5181AFFCAC"
"https://raw.githubusercontent.com/kohelet-net-admin/zefania-xml-bibles/master/Bibles/GRC/Greek%20WH/SF_2009-01-20_GRC_GREEKWH_(GREEK%20WH).xml",".\GRC\Greek WH\SF_2009-01-20_GRC_GREEKWH_(GREEK WH).xml","SF_2009-01-20_GRC_GREEKWH_(GREEK WH).xml","5E8FB27B20F0A4F72CC99C79A0A6DD03"
"https://raw.githubusercontent.com/kohelet-net-admin/zefania-xml-bibles/master/Bibles/GRC/Modern%20Greek/SF_2009-01-20_GRC_GREEKM_(MODERN%20GREEK).xml",".\GRC\Modern Greek\SF_2009-01-20_GRC_GREEKM_(MODERN GREEK).xml","SF_2009-01-20_GRC_GREEKM_(MODERN GREEK).xml","87E4CD7F5F76191CD018DCCAC9519078"
"https://raw.githubusercontent.com/kohelet-net-admin/zefania-xml-bibles/master/Bibles/GRC/Robinson/Pierpont%20Byzantine%20Greek%20NT/SF_2009-01-20_GRC_GNT_(ROBINSON%20PIERPONT%20BYZANTINE%20GREEK%20NT).xml",".\GRC\Robinson\Pierpont Byzantine Greek NT\SF_2009-01-20_GRC_GNT_(ROBINSON PIERPONT BYZANTINE GREEK NT).xml","SF_2009-01-20_GRC_GNT_(ROBINSON PIERPONT BYZANTINE GREEK NT).xml","33502FD95AEF920EFD2867EA503C1F15"
"https://raw.githubusercontent.com/kohelet-net-admin/zefania-xml-bibles/master/Bibles/GRC/Septuaginta%20LXX/SF_2009-01-20_GRC_LXX_(SEPTUAGINTA%20LXX).xml",".\GRC\Septuaginta LXX\SF_2009-01-20_GRC_LXX_(SEPTUAGINTA LXX).xml","SF_2009-01-20_GRC_LXX_(SEPTUAGINTA LXX).xml","6D978BD54E13B42D5568A4EEE6F7B9F2"
"https://raw.githubusercontent.com/kohelet-net-admin/zefania-xml-bibles/master/Bibles/GRC/Textus%20Receptus%20NT/Strongs%20Numbers/SF_2009-01-20_GRC_GNTTR_(TEXTUS%20RECEPTUS%20NT(STRONGS)).xml",".\GRC\Textus Receptus NT\Strongs Numbers\SF_2009-01-20_GRC_GNTTR_(TEXTUS RECEPTUS NT(STRONGS)).xml","SF_2009-01-20_GRC_GNTTR_(TEXTUS RECEPTUS NT(STRONGS)).xml","51163E475AEC740E0EAAED0266D394C2"
"https://raw.githubusercontent.com/kohelet-net-admin/zefania-xml-bibles/master/Bibles/GRC/The%20Analytic%20Septuagint/SF_2009-01-20_GRC_ALXX_(THE%20ANALYTIC%20SEPTUAGINT).xml",".\GRC\The Analytic Septuagint\SF_2009-01-20_GRC_ALXX_(THE ANALYTIC SEPTUAGINT).xml","SF_2009-01-20_GRC_ALXX_(THE ANALYTIC SEPTUAGINT).xml","951C915DB30495E6A3C55236E75BC388"
"https://raw.githubusercontent.com/kohelet-net-admin/zefania-xml-bibles/master/Bibles/GRC/The%20New%20Testament%20in%20the%20Original%20Greek%20-%20Byzantine%20Textform%202005/SF_2014-02-25_GRC_BYZ_(THE%20NEW%20TESTAMENT%20IN%20THE%20ORIGINAL%20GREEK%20-%20BYZANTINE%20TEXTFORM%202005).xml",".\GRC\The New Testament in the Original Greek - Byzantine Textform 2005\SF_2014-02-25_GRC_BYZ_(THE NEW TESTAMENT IN THE ORIGINAL GREEK - BYZANTINE TEXTFORM 2005).xml","SF_2014-02-25_GRC_BYZ_(THE NEW TESTAMENT IN THE ORIGINAL GREEK - BYZANTINE TEXTFORM 2005).xml","8DB01D1F60C640EA855EC6FA0A65503D"
"https://raw.githubusercontent.com/kohelet-net-admin/zefania-xml-bibles/master/Bibles/GRC/Tischendorf%20Greek%20NT/SF_2009-01-20_GRC_TISCHENDORF_(TISCHENDORF%20GREEK%20NT(STRONGS)).xml",".\GRC\Tischendorf Greek NT\SF_2009-01-20_GRC_TISCHENDORF_(TISCHENDORF GREEK NT(STRONGS)).xml","SF_2009-01-20_GRC_TISCHENDORF_(TISCHENDORF GREEK NT(STRONGS)).xml","AB1523E8FFDCF4A1E2FC882581E5714D"
"https://raw.githubusercontent.com/kohelet-net-admin/zefania-xml-bibles/master/Bibles/GRC/Tischendorf%20Greek%20NT/SF_2009-01-20_GRC_TISCHENDORF_(TISCHENDORF%20GREEK%20NT).xml",".\GRC\Tischendorf Greek NT\SF_2009-01-20_GRC_TISCHENDORF_(TISCHENDORF GREEK NT).xml","SF_2009-01-20_GRC_TISCHENDORF_(TISCHENDORF GREEK NT).xml","4EC42FD849C55CB3B8067C1FE85D4D44"
"https://raw.githubusercontent.com/kohelet-net-admin/zefania-xml-bibles/master/Bibles/GRC/Westcott-Hort%20Greek%20NT/Strongs%20Numbers/SF_2009-01-20_GRC_GNTWH_(WESTCOTT-HORT%20GREEK%20NEW%20TESTAMENT(STRONGS)).xml",".\GRC\Westcott-Hort Greek NT\Strongs Numbers\SF_2009-01-20_GRC_GNTWH_(WESTCOTT-HORT GREEK NEW TESTAMENT(STRONGS)).xml","SF_2009-01-20_GRC_GNTWH_(WESTCOTT-HORT GREEK NEW TESTAMENT(STRONGS)).xml","3C09A91C552A3594691B0988704E2551"
"https://raw.githubusercontent.com/kohelet-net-admin/zefania-xml-bibles/master/Bibles/GRE/Tischendorf%20Greek%20NT/SF_2009-01-20_GRE_TISCHENDORF_(TISCHENDORF%20GREEK%20NT).xml",".\GRE\Tischendorf Greek NT\SF_2009-01-20_GRE_TISCHENDORF_(TISCHENDORF GREEK NT).xml","SF_2009-01-20_GRE_TISCHENDORF_(TISCHENDORF GREEK NT).xml","B8A58DA691FB391CAAFE7700130A0BF3"
"https://raw.githubusercontent.com/kohelet-net-admin/zefania-xml-bibles/master/Bibles/HAT/Haitian%20Creole%20Version/SF_2009-01-20_HAT_HAT_(HAITIAN%20CREOLE%20VERSION).xml",".\HAT\Haitian Creole Version\SF_2009-01-20_HAT_HAT_(HAITIAN CREOLE VERSION).xml","SF_2009-01-20_HAT_HAT_(HAITIAN CREOLE VERSION).xml","CE78E4FE5ADF01EF23D16764E448401B"
"https://raw.githubusercontent.com/kohelet-net-admin/zefania-xml-bibles/master/Bibles/HEB/Aleppo%20Codex/SF_2009-01-22_HEB_ALEP_(ALEPPO%20CODEX).xml",".\HEB\Aleppo Codex\SF_2009-01-22_HEB_ALEP_(ALEPPO CODEX).xml","SF_2009-01-22_HEB_ALEP_(ALEPPO CODEX).xml","3FD1A20D206103F1FB1C6225668D5521"
"https://raw.githubusercontent.com/kohelet-net-admin/zefania-xml-bibles/master/Bibles/HEB/Biblia%20hebraica/SF_2009-01-20_HEB_BHS_(BIBLIA%20HEBRAICA).xml",".\HEB\Biblia hebraica\SF_2009-01-20_HEB_BHS_(BIBLIA HEBRAICA).xml","SF_2009-01-20_HEB_BHS_(BIBLIA HEBRAICA).xml","85914581C05EC7A89979C61C71C494B3"
"https://raw.githubusercontent.com/kohelet-net-admin/zefania-xml-bibles/master/Bibles/HEB/Miqra%20al%20pi%20ha-Mesorah/SF_2014-07-09_HEB_MAPM_(MIQRA%20AL%20PI%20HA-MESORAH).xml",".\HEB\Miqra al pi ha-Mesorah\SF_2014-07-09_HEB_MAPM_(MIQRA AL PI HA-MESORAH).xml","SF_2014-07-09_HEB_MAPM_(MIQRA AL PI HA-MESORAH).xml","0750AFE4E154A4D176AAB04F4F9D9A32"
"https://raw.githubusercontent.com/kohelet-net-admin/zefania-xml-bibles/master/Bibles/HEB/Modern%20Hebrew%20Bible/SF_2009-01-23_HEB_HEBM_(MODERN%20HEBREW%20BIBLE).xml",".\HEB\Modern Hebrew Bible\SF_2009-01-23_HEB_HEBM_(MODERN HEBREW BIBLE).xml","SF_2009-01-23_HEB_HEBM_(MODERN HEBREW BIBLE).xml","01D14804BF6E77C34D6CC3246FB09B40"
"https://raw.githubusercontent.com/kohelet-net-admin/zefania-xml-bibles/master/Bibles/HEB/Open%20Scriptures%20Morphological%20Hebrew%20Bible/SF_2012-04-21_HEB_OSMHB_(OPEN%20SCRIPTURES%20MORPHOLOGICAL%20HEBREW%20BIBLE).xml",".\HEB\Open Scriptures Morphological Hebrew Bible\SF_2012-04-21_HEB_OSMHB_(OPEN SCRIPTURES MORPHOLOGICAL HEBREW BIBLE).xml","SF_2012-04-21_HEB_OSMHB_(OPEN SCRIPTURES MORPHOLOGICAL HEBREW BIBLE).xml","7355ABB7AEA775A0D0C0C3D7CA804DA4"
"https://raw.githubusercontent.com/kohelet-net-admin/zefania-xml-bibles/master/Bibles/HEB/Westminster%20Leningrad%20Codex/SF_2009-01-20_HEB_WCL_(WESTMINSTER%20LENINGRAD%20CODEX).xml",".\HEB\Westminster Leningrad Codex\SF_2009-01-20_HEB_WCL_(WESTMINSTER LENINGRAD CODEX).xml","SF_2009-01-20_HEB_WCL_(WESTMINSTER LENINGRAD CODEX).xml","1F0E199B17E9F56B2BE3413CC144F094"
"https://raw.githubusercontent.com/kohelet-net-admin/zefania-xml-bibles/master/Bibles/HIN/SF_2015-08-16_HIN_HINERV_(EASY-TO-READ%20VERSION%20(HINDI%20ERV)).xml",".\HIN\SF_2015-08-16_HIN_HINERV_(EASY-TO-READ VERSION (HINDI ERV)).xml","SF_2015-08-16_HIN_HINERV_(EASY-TO-READ VERSION (HINDI ERV)).xml","E0CA5F4C7EFD686E7A5DA9171CE03176"
"https://raw.githubusercontent.com/kohelet-net-admin/zefania-xml-bibles/master/Bibles/HUN/Hungarian%20Version/SF_2009-01-20_HUN_HUN_(HUNGARIAN%20VERSION).xml",".\HUN\Hungarian Version\SF_2009-01-20_HUN_HUN_(HUNGARIAN VERSION).xml","SF_2009-01-20_HUN_HUN_(HUNGARIAN VERSION).xml","0808E6FC2C9AE2E2934694D90FF21960"
"https://raw.githubusercontent.com/kohelet-net-admin/zefania-xml-bibles/master/Bibles/HUN/Magyar%20Ujforditasu%20Biblia/SF_2005-03-10_HUN_HUNUJ_(MAGYAR%20%c3%9aJFORD%c3%8dT%c3%81S%c3%9a%20BIBLIA).xml",".\HUN\Magyar Ujforditasu Biblia\SF_2005-03-10_HUN_HUNUJ_(MAGYAR ÚJFORDÍTÁSÚ BIBLIA).xml","SF_2005-03-10_HUN_HUNUJ_(MAGYAR ÚJFORDÍTÁSÚ BIBLIA).xml","DFC0BD44B9EC9273A09761D2B22D0FEF"
"https://raw.githubusercontent.com/kohelet-net-admin/zefania-xml-bibles/master/Bibles/ITA/1649%20Italian%20Giovanni%20Diodati%20Bibbia/SF_2009-01-23_ITA_ITADIO_(1649%20ITALIAN%20GIOVANNI%20DIODATI%20BIBBIA).xml",".\ITA\1649 Italian Giovanni Diodati Bibbia\SF_2009-01-23_ITA_ITADIO_(1649 ITALIAN GIOVANNI DIODATI BIBBIA).xml","SF_2009-01-23_ITA_ITADIO_(1649 ITALIAN GIOVANNI DIODATI BIBBIA).xml","ED91569DCABC5DED2A3ADF0D121F9420"
"https://raw.githubusercontent.com/kohelet-net-admin/zefania-xml-bibles/master/Bibles/ITA/Italian%20Version/SF_2009-01-20_ITA_ITALIAN1_(ITALIAN%20VERSION).xml",".\ITA\Italian Version\SF_2009-01-20_ITA_ITALIAN1_(ITALIAN VERSION).xml","SF_2009-01-20_ITA_ITALIAN1_(ITALIAN VERSION).xml","CFE32B43C9BC8DDD882CE0A297D9F7E6"
"https://raw.githubusercontent.com/kohelet-net-admin/zefania-xml-bibles/master/Bibles/ITA/La%20Bibbia%20CEI%2074/SF_2009-01-20_ITA_CEI74_(LA%20BIBBIA%20CEI%2074).xml",".\ITA\La Bibbia CEI 74\SF_2009-01-20_ITA_CEI74_(LA BIBBIA CEI 74).xml","SF_2009-01-20_ITA_CEI74_(LA BIBBIA CEI 74).xml","973DE148C08C5E237B017B827180A920"
"https://raw.githubusercontent.com/kohelet-net-admin/zefania-xml-bibles/master/Bibles/ITA/La%20Nuova%20Diodati%201991/SF_2009-01-20_ITA_LND_1991_(LA%20NUOVA%20DIODATI%201991).xml",".\ITA\La Nuova Diodati 1991\SF_2009-01-20_ITA_LND_1991_(LA NUOVA DIODATI 1991).xml","SF_2009-01-20_ITA_LND_1991_(LA NUOVA DIODATI 1991).xml","7350D0D8396CBB3D042061B74EDEE6FC"
"https://raw.githubusercontent.com/kohelet-net-admin/zefania-xml-bibles/master/Bibles/ITA/Riveduta%201990/SF_2009-01-20_ITA_IRV_1990_(RIVEDUTA%201990).xml",".\ITA\Riveduta 1990\SF_2009-01-20_ITA_IRV_1990_(RIVEDUTA 1990).xml","SF_2009-01-20_ITA_IRV_1990_(RIVEDUTA 1990).xml","C37E8DBE08F755524E6B1053E18C58CE"
"https://raw.githubusercontent.com/kohelet-net-admin/zefania-xml-bibles/master/Bibles/KAB/Kabyle%20NT/SF_2009-01-20_KAB_KABNT_(KABYLE%20NT).xml",".\KAB\Kabyle NT\SF_2009-01-20_KAB_KABNT_(KABYLE NT).xml","SF_2009-01-20_KAB_KABNT_(KABYLE NT).xml","4BCE761918BF0726A56FD255D0A378E9"
"https://raw.githubusercontent.com/kohelet-net-admin/zefania-xml-bibles/master/Bibles/KOR/Korean%20Version/SF_2009-01-20_KOR_KOR_(KOREAN%20VERSION).xml",".\KOR\Korean Version\SF_2009-01-20_KOR_KOR_(KOREAN VERSION).xml","SF_2009-01-20_KOR_KOR_(KOREAN VERSION).xml","C4925207B5BA8E82989A5377602E5921"
"https://raw.githubusercontent.com/kohelet-net-admin/zefania-xml-bibles/master/Bibles/LAT/Biblia%20Sacra%20Vulgata/SF_2009-01-20_LAT_BIBLE_VULGATA_(BIBLIA%20SACRA%20VULGATA).xml",".\LAT\Biblia Sacra Vulgata\SF_2009-01-20_LAT_BIBLE_VULGATA_(BIBLIA SACRA VULGATA).xml","SF_2009-01-20_LAT_BIBLE_VULGATA_(BIBLIA SACRA VULGATA).xml","CA8739A354CD566150FA9CC6CE0D6F6A"
"https://raw.githubusercontent.com/kohelet-net-admin/zefania-xml-bibles/master/Bibles/LAT/Biblia%20Sacra%20Vulgata/SF_2014-09-06_LAT_VULGATE_(BIBLIA%20SACRA%20VULGATA).xml",".\LAT\Biblia Sacra Vulgata\SF_2014-09-06_LAT_VULGATE_(BIBLIA SACRA VULGATA).xml","SF_2014-09-06_LAT_VULGATE_(BIBLIA SACRA VULGATA).xml","29505CBC4A6993ADAE3926A72E8BC7BB"
"https://raw.githubusercontent.com/kohelet-net-admin/zefania-xml-bibles/master/Bibles/LAT/Clementine%20Vulgate/SF_2009-01-20_LAT_CLVUL_(CLEMENTINE%20VULGATE).xml",".\LAT\Clementine Vulgate\SF_2009-01-20_LAT_CLVUL_(CLEMENTINE VULGATE).xml","SF_2009-01-20_LAT_CLVUL_(CLEMENTINE VULGATE).xml","6D37907647EE990B0EC4C4605FC558B8"
"https://raw.githubusercontent.com/kohelet-net-admin/zefania-xml-bibles/master/Bibles/LAT/Nova%20Vulgata/SF_2009-01-23_LAT_NVLA_(NOVA%20VULGATA).xml",".\LAT\Nova Vulgata\SF_2009-01-23_LAT_NVLA_(NOVA VULGATA).xml","SF_2009-01-23_LAT_NVLA_(NOVA VULGATA).xml","4D55D8C9101BD701C20303205C9F454B"
"https://raw.githubusercontent.com/kohelet-net-admin/zefania-xml-bibles/master/Bibles/LAT/Vulgata%20Hetzenauer/SF_2014-02-26_LAT_VULGHETZENAUER_(VULGATA%20CLEMENTINA%20HETZENAUER%20EDITORE).xml",".\LAT\Vulgata Hetzenauer\SF_2014-02-26_LAT_VULGHETZENAUER_(VULGATA CLEMENTINA HETZENAUER EDITORE).xml","SF_2014-02-26_LAT_VULGHETZENAUER_(VULGATA CLEMENTINA HETZENAUER EDITORE).xml","AE624078F15553AC40EEE954EE505353"
"https://raw.githubusercontent.com/kohelet-net-admin/zefania-xml-bibles/master/Bibles/LAT/Vulgata%20Sistina/SF_2014-02-25_LAT_VULGSISTINE_(VULGATA%20SISTINA).xml",".\LAT\Vulgata Sistina\SF_2014-02-25_LAT_VULGSISTINE_(VULGATA SISTINA).xml","SF_2014-02-25_LAT_VULGSISTINE_(VULGATA SISTINA).xml","2E1ADAB8EF7B78A4F38D73BFD7BB1A97"
"https://raw.githubusercontent.com/kohelet-net-admin/zefania-xml-bibles/master/Bibles/LAV/Lativian%20Version/SF_2009-01-20_LAV_LATV_(LATIVIAN%20VERSION).xml",".\LAV\Lativian Version\SF_2009-01-20_LAV_LATV_(LATIVIAN VERSION).xml","SF_2009-01-20_LAV_LATV_(LATIVIAN VERSION).xml","9DBA5C4E9D8337BA9BB26CB96661901E"
"https://raw.githubusercontent.com/kohelet-net-admin/zefania-xml-bibles/master/Bibles/MAO/Maori%20Version/SF_2009-01-20_MAO_MAO_(MAORI%20VERSION).xml",".\MAO\Maori Version\SF_2009-01-20_MAO_MAO_(MAORI VERSION).xml","SF_2009-01-20_MAO_MAO_(MAORI VERSION).xml","C0821E80684234D784643850325F6430"
"https://raw.githubusercontent.com/kohelet-net-admin/zefania-xml-bibles/master/Bibles/NDS/Daut%20niee%20Testamente%20en%20de%20Psalme/SF_2009-01-20_NDS_DNTF_(DAUT%20NIEE%20TESTAMENTE%20EN%20DE%20PSALME).xml",".\NDS\Daut niee Testamente en de Psalme\SF_2009-01-20_NDS_DNTF_(DAUT NIEE TESTAMENTE EN DE PSALME).xml","SF_2009-01-20_NDS_DNTF_(DAUT NIEE TESTAMENTE EN DE PSALME).xml","724CB89C4830D0F172ED137EBD2EDFF8"
"https://raw.githubusercontent.com/kohelet-net-admin/zefania-xml-bibles/master/Bibles/NDS/Reimer%20NT%202001/SF_2009-01-20_NDS_REIMERNT_(REIMER%20NT%202001).xml",".\NDS\Reimer NT 2001\SF_2009-01-20_NDS_REIMERNT_(REIMER NT 2001).xml","SF_2009-01-20_NDS_REIMERNT_(REIMER NT 2001).xml","8040399A2694B8DBCCF39A8EBC47958C"
"https://raw.githubusercontent.com/kohelet-net-admin/zefania-xml-bibles/master/Bibles/NL/Dutch%20Statenvertaling/SF_2009-01-20_NL_DUTV_(DUTCH%20STATENVERTALING).xml",".\NL\Dutch Statenvertaling\SF_2009-01-20_NL_DUTV_(DUTCH STATENVERTALING).xml","SF_2009-01-20_NL_DUTV_(DUTCH STATENVERTALING).xml","4D7C4DBADF0750E5ED519A9A4BF78C74"
"https://raw.githubusercontent.com/kohelet-net-admin/zefania-xml-bibles/master/Bibles/NOR/Norwegian%20Version/SF_2009-01-20_NOR_NOR_(NORWEGIAN%20VERSION).xml",".\NOR\Norwegian Version\SF_2009-01-20_NOR_NOR_(NORWEGIAN VERSION).xml","SF_2009-01-20_NOR_NOR_(NORWEGIAN VERSION).xml","7E7A6604976F32115D4150E92C094754"
"https://raw.githubusercontent.com/kohelet-net-admin/zefania-xml-bibles/master/Bibles/NOR/Studentmallagsbibelen%201921/SF_2012-01-27_NOR_NORSMB_(STUDENTM%c3%85LLAGSBIBELEN%20FR%c3%85%201921).xml",".\NOR\Studentmallagsbibelen 1921\SF_2012-01-27_NOR_NORSMB_(STUDENTMÅLLAGSBIBELEN FRÅ 1921).xml","SF_2012-01-27_NOR_NORSMB_(STUDENTMÅLLAGSBIBELEN FRÅ 1921).xml","ED25B0F7F9BEB2539B34BA8E586806B2"
"https://raw.githubusercontent.com/kohelet-net-admin/zefania-xml-bibles/master/Bibles/POL/Polska%20Biblia/SF_2009-01-20_POL_POLAND_(POLSKA%20BIBLIA).xml",".\POL\Polska Biblia\SF_2009-01-20_POL_POLAND_(POLSKA BIBLIA).xml","SF_2009-01-20_POL_POLAND_(POLSKA BIBLIA).xml","ACE7D3FF8611E3640EEF8CE3282EA18C"
"https://raw.githubusercontent.com/kohelet-net-admin/zefania-xml-bibles/master/Bibles/PON/PohnOld/SF_2015-02-27_PON_POHNOLD_(OLD%20PUBLIC%20DOMAIN%20POHNPEIAN%20BIBLE).xml",".\PON\PohnOld\SF_2015-02-27_PON_POHNOLD_(OLD PUBLIC DOMAIN POHNPEIAN BIBLE).xml","SF_2015-02-27_PON_POHNOLD_(OLD PUBLIC DOMAIN POHNPEIAN BIBLE).xml","76D75DB522B3233CD50BB64B6AC050F8"
"https://raw.githubusercontent.com/kohelet-net-admin/zefania-xml-bibles/master/Bibles/POR/Portuguese%20Corrigida%20Fiel%20(1753/1995)/SF_2009-01-20_POR_ACF_(PORTUGUESE%20CORRIGIDA%20FIEL%20(1753_1995)).xml",".\POR\Portuguese Corrigida Fiel (1753\1995)\SF_2009-01-20_POR_ACF_(PORTUGUESE CORRIGIDA FIEL (1753_1995)).xml","SF_2009-01-20_POR_ACF_(PORTUGUESE CORRIGIDA FIEL (1753_1995)).xml","DB45ACCF32A48ED8641A1C8293A6A7F8"
"https://raw.githubusercontent.com/kohelet-net-admin/zefania-xml-bibles/master/Bibles/POR/Portuguese%20Version/SF_2009-01-20_POR_PORT_(PORTUGUESE%20VERSION).xml",".\POR\Portuguese Version\SF_2009-01-20_POR_PORT_(PORTUGUESE VERSION).xml","SF_2009-01-20_POR_PORT_(PORTUGUESE VERSION).xml","0E9A458C12A3BD0F8EA6DA9956D1287D"
"https://raw.githubusercontent.com/kohelet-net-admin/zefania-xml-bibles/master/Bibles/RUM/Cornilescu%20(1928)/SF_2013-11-20_RUM_RUC28_(CORNILESCU%20(1928)).xml",".\RUM\Cornilescu (1928)\SF_2013-11-20_RUM_RUC28_(CORNILESCU (1928)).xml","SF_2013-11-20_RUM_RUC28_(CORNILESCU (1928)).xml","DEF7BC5229DCFF2E41D3617D8FF9C70F"
"https://raw.githubusercontent.com/kohelet-net-admin/zefania-xml-bibles/master/Bibles/RUM/Orthographically%20Corrected%20Cornilescu%20Bible/SF_2013-09-09_RUM_RCCV_(ROMANIAN%20CORRECTED%20CORNILESCU%20BIBLE).xml",".\RUM\Orthographically Corrected Cornilescu Bible\SF_2013-09-09_RUM_RCCV_(ROMANIAN CORRECTED CORNILESCU BIBLE).xml","SF_2013-09-09_RUM_RCCV_(ROMANIAN CORRECTED CORNILESCU BIBLE).xml","737CD3FFCC387FA9B8ACA90563800860"
"https://raw.githubusercontent.com/kohelet-net-admin/zefania-xml-bibles/master/Bibles/RUS/Makarij%20Translation%20(Pentateuch)%20(1825)/SF_2013-11-22_RUS_MP28_(MAKARIJ%20TRANSLATION%20(PENTATEUCH)%20(1825)).xml",".\RUS\Makarij Translation (Pentateuch) (1825)\SF_2013-11-22_RUS_MP28_(MAKARIJ TRANSLATION (PENTATEUCH) (1825)).xml","SF_2013-11-22_RUS_MP28_(MAKARIJ TRANSLATION (PENTATEUCH) (1825)).xml","8A13CA9B1661D2CFC57AE70D7FE3F423"
"https://raw.githubusercontent.com/kohelet-net-admin/zefania-xml-bibles/master/Bibles/RUS/Russian%20New%20Testament%20Strongs/SF_2009-01-20_RUS_RUSVZH_(RUSSIAN%20NEW%20TESTAMENT%20STRONGS).xml",".\RUS\Russian New Testament Strongs\SF_2009-01-20_RUS_RUSVZH_(RUSSIAN NEW TESTAMENT STRONGS).xml","SF_2009-01-20_RUS_RUSVZH_(RUSSIAN NEW TESTAMENT STRONGS).xml","6DAF85860ECAB31BEE4BCE19E253B753"
"https://raw.githubusercontent.com/kohelet-net-admin/zefania-xml-bibles/master/Bibles/RUS/Russian%20Synodal%20Translation/SF_2009-01-20_RUS_RST_(RUSSIAN%20SYNODAL%20TRANSLATION).xml",".\RUS\Russian Synodal Translation\SF_2009-01-20_RUS_RST_(RUSSIAN SYNODAL TRANSLATION).xml","SF_2009-01-20_RUS_RST_(RUSSIAN SYNODAL TRANSLATION).xml","75E8033A19F88FCCE313C6604D56D6D7"
"https://raw.githubusercontent.com/kohelet-net-admin/zefania-xml-bibles/master/Bibles/RUS/Russian%20Version/SF_2009-01-20_RUS_RUSSUB_(RUSSIAN%20VERSION).xml",".\RUS\Russian Version\SF_2009-01-20_RUS_RUSSUB_(RUSSIAN VERSION).xml","SF_2009-01-20_RUS_RUSSUB_(RUSSIAN VERSION).xml","EFB7FCB6C0FD2EACE8A5B54BAC347818"
"https://raw.githubusercontent.com/kohelet-net-admin/zefania-xml-bibles/master/Bibles/RUS/Ukrainian%20Version/SF_2009-01-23_RUS_UKRUB_(UKRAINIAN%20VERSION).xml",".\RUS\Ukrainian Version\SF_2009-01-23_RUS_UKRUB_(UKRAINIAN VERSION).xml","SF_2009-01-23_RUS_UKRUB_(UKRAINIAN VERSION).xml","433BFD253F0676D338895A386DE1886C"
"https://raw.githubusercontent.com/kohelet-net-admin/zefania-xml-bibles/master/Bibles/SCR/Croatian%20Bible%20Version/SF_2009-01-23_SCR_CROAT_(CROATIAN%20BIBLE%20VERSION).xml",".\SCR\Croatian Bible Version\SF_2009-01-23_SCR_CROAT_(CROATIAN BIBLE VERSION).xml","SF_2009-01-23_SCR_CROAT_(CROATIAN BIBLE VERSION).xml","0225DE5131CCD986F4D5EDD2769AE561"
"https://raw.githubusercontent.com/kohelet-net-admin/zefania-xml-bibles/master/Bibles/SHU/Shuar%20NT/SF_2009-01-20_SHU_SHU_(SHUAR%20NT).xml",".\SHU\Shuar NT\SF_2009-01-20_SHU_SHU_(SHUAR NT).xml","SF_2009-01-20_SHU_SHU_(SHUAR NT).xml","CD4E8443B13E40BCDAF8AE5AAD6CBA59"
"https://raw.githubusercontent.com/kohelet-net-admin/zefania-xml-bibles/master/Bibles/SPA/Las%20Sagradas%20Escrituras/SF_2009-01-20_SPA_SEV_(LAS%20SAGRADAS%20ESCRITURAS).xml",".\SPA\Las Sagradas Escrituras\SF_2009-01-20_SPA_SEV_(LAS SAGRADAS ESCRITURAS).xml","SF_2009-01-20_SPA_SEV_(LAS SAGRADAS ESCRITURAS).xml","2F3A0927C00CC3608FC4F79B9B2E3703"
"https://raw.githubusercontent.com/kohelet-net-admin/zefania-xml-bibles/master/Bibles/SPA/Reina%20Valera%201989/SF_2009-01-20_SPA_RVA_(REINA%20VALERA%201989).xml",".\SPA\Reina Valera 1989\SF_2009-01-20_SPA_RVA_(REINA VALERA 1989).xml","SF_2009-01-20_SPA_RVA_(REINA VALERA 1989).xml","50183067082F10730BED17E00F5B85F4"
"https://raw.githubusercontent.com/kohelet-net-admin/zefania-xml-bibles/master/Bibles/SPA/Spanish%20Reina-Valera/SF_2009-01-22_SPA_BIBLE_SPARV_(SPANISH%20REINA-VALERA).xml",".\SPA\Spanish Reina-Valera\SF_2009-01-22_SPA_BIBLE_SPARV_(SPANISH REINA-VALERA).xml","SF_2009-01-22_SPA_BIBLE_SPARV_(SPANISH REINA-VALERA).xml","C1825F3AE50405A726ABEF78099EB43C"
"https://raw.githubusercontent.com/kohelet-net-admin/zefania-xml-bibles/master/Bibles/SWA/Swahili%20NT/SF_2009-01-20_SWA_SWA_(SWAHILI%20NT).xml",".\SWA\Swahili NT\SF_2009-01-20_SWA_SWA_(SWAHILI NT).xml","SF_2009-01-20_SWA_SWA_(SWAHILI NT).xml","844504B454249572CD1A2C29F898B628"
"https://raw.githubusercontent.com/kohelet-net-admin/zefania-xml-bibles/master/Bibles/SWE/Svenska%20Folkbibeln%20(1998)/SF_2009-08-01_SWE_SWEFOLK1998_(SVENSKA%20FOLKBIBELN%20(1998)).xml",".\SWE\Svenska Folkbibeln (1998)\SF_2009-08-01_SWE_SWEFOLK1998_(SVENSKA FOLKBIBELN (1998)).xml","SF_2009-08-01_SWE_SWEFOLK1998_(SVENSKA FOLKBIBELN (1998)).xml","A24B5FB7334521B77DDB9E5B68B7561A"
"https://raw.githubusercontent.com/kohelet-net-admin/zefania-xml-bibles/master/Bibles/SWE/Swedish%201917%20Version/SF_2009-01-20_SWE_SVD_(SWEDISH%201917%20VERSION).xml",".\SWE\Swedish 1917 Version\SF_2009-01-20_SWE_SVD_(SWEDISH 1917 VERSION).xml","SF_2009-01-20_SWE_SVD_(SWEDISH 1917 VERSION).xml","F628BD26C2AC3857502B826A9FC7ECE9"
"https://raw.githubusercontent.com/kohelet-net-admin/zefania-xml-bibles/master/Bibles/SYR/Syriac%20Peshitta%20NT/SF_2009-01-20_SYR_SYP_(SYRIAC%20PESHITTA%20NT).xml",".\SYR\Syriac Peshitta NT\SF_2009-01-20_SYR_SYP_(SYRIAC PESHITTA NT).xml","SF_2009-01-20_SYR_SYP_(SYRIAC PESHITTA NT).xml","6CC04171A28068F89BCDB8FC650F9216"
"https://raw.githubusercontent.com/kohelet-net-admin/zefania-xml-bibles/master/Bibles/TGL/Ang%20Dating%20Biblia/SF_2009-01-20_TGL_TLGANGBIBLIA_(ANG%20DATING%20BIBLIA).xml",".\TGL\Ang Dating Biblia\SF_2009-01-20_TGL_TLGANGBIBLIA_(ANG DATING BIBLIA).xml","SF_2009-01-20_TGL_TLGANGBIBLIA_(ANG DATING BIBLIA).xml","40F7CA52C5367FFBD766BBD1279B452B"
"https://raw.githubusercontent.com/kohelet-net-admin/zefania-xml-bibles/master/Bibles/THA/KJV-Thai/SF_2009-01-20_THA_KJVTHAI_(KJV-THAI).xml",".\THA\KJV-Thai\SF_2009-01-20_THA_KJVTHAI_(KJV-THAI).xml","SF_2009-01-20_THA_KJVTHAI_(KJV-THAI).xml","E412CC0B249F2F8CAC020638F35C51C3"
"https://raw.githubusercontent.com/kohelet-net-admin/zefania-xml-bibles/master/Bibles/TUR/Southern%20Azeri%20Translation/SF_2012-01-07_AZB_AZERI_(DESCRIPTION_EN=SOUTHERN%20AZERI%20TRANSLATION).xml",".\TUR\Southern Azeri Translation\SF_2012-01-07_AZB_AZERI_(DESCRIPTION_EN=SOUTHERN AZERI TRANSLATION).xml","SF_2012-01-07_AZB_AZERI_(DESCRIPTION_EN=SOUTHERN AZERI TRANSLATION).xml","F5F373473EA75CD90E77121BC9B8058E"
"https://raw.githubusercontent.com/kohelet-net-admin/zefania-xml-bibles/master/Bibles/TUR/Turkish/SF_2004-07-28_TUR_BB31_(TURKISH).xml",".\TUR\Turkish\SF_2004-07-28_TUR_BB31_(TURKISH).xml","SF_2004-07-28_TUR_BB31_(TURKISH).xml","0AC860DE7F7BE524FB3818EAE7E07A48"
"https://raw.githubusercontent.com/kohelet-net-admin/zefania-xml-bibles/master/Bibles/UND/Uma%20Version/SF_2009-01-20_UND_UMA_(UMA%20VERSION).xml",".\UND\Uma Version\SF_2009-01-20_UND_UMA_(UMA VERSION).xml","SF_2009-01-20_UND_UMA_(UMA VERSION).xml","28054F83F7D311F880E9C3F9F1C2FD51"
"https://raw.githubusercontent.com/kohelet-net-admin/zefania-xml-bibles/master/Bibles/VIE/New%20Vietnamese%20Bible%20(2002)/SF_2009-03-11_VIE_VIETNVB_(NEW%20VIETNAMESE%20BIBLE%20(2002)).xml",".\VIE\New Vietnamese Bible (2002)\SF_2009-03-11_VIE_VIETNVB_(NEW VIETNAMESE BIBLE (2002)).xml","SF_2009-03-11_VIE_VIETNVB_(NEW VIETNAMESE BIBLE (2002)).xml","6EBA4B98D3A9D12F3140A2CDFD4530B9"
"https://raw.githubusercontent.com/kohelet-net-admin/zefania-xml-bibles/master/Bibles/VIE/Vietnamese%20Version/SF_2009-01-20_VIE_VIE_(VIETNAMESE%20VERSION).xml",".\VIE\Vietnamese Version\SF_2009-01-20_VIE_VIE_(VIETNAMESE VERSION).xml","SF_2009-01-20_VIE_VIE_(VIETNAMESE VERSION).xml","7707926D05CFDC0BE91745C6E71E663E"
"https://raw.githubusercontent.com/kohelet-net-admin/zefania-xml-bibles/master/Bibles/WIU/SF_2014-05-12_WIU_WITNT_(THE%20NEW%20TESTAMENT).xml",".\WIU\SF_2014-05-12_WIU_WITNT_(THE NEW TESTAMENT).xml","SF_2014-05-12_WIU_WITNT_(THE NEW TESTAMENT).xml","B41F0D89DE435650563D55624968F2A7"
"https://raw.githubusercontent.com/kohelet-net-admin/zefania-xml-bibles/master/Bibles/XKL/Klingon%20Version/SF_2009-01-22_XKL_KLINGON_(KLINGON%20VERSION).xml",".\XKL\Klingon Version\SF_2009-01-22_XKL_KLINGON_(KLINGON VERSION).xml","SF_2009-01-22_XKL_KLINGON_(KLINGON VERSION).xml","F9224A22243A27161E4896DFA1BD27B3"
"https://raw.githubusercontent.com/kohelet-net-admin/zefania-xml-bibles/master/Bibles/YBY/SF_2014-05-12_YBY_YAWNT_(THE%20NEW%20TESTAMENT).xml",".\YBY\SF_2014-05-12_YBY_YAWNT_(THE NEW TESTAMENT).xml","SF_2014-05-12_YBY_YAWNT_(THE NEW TESTAMENT).xml","95910740E9534F677E3A303C68F3961F"
"https://raw.githubusercontent.com/kohelet-net-admin/zefania-xml-bibles/master/Bibles/YUW/SF_2014-05-06_YUW_NTYAU_(THE%20NEW%20TESTAMENT).xml",".\YUW\SF_2014-05-06_YUW_NTYAU_(THE NEW TESTAMENT).xml","SF_2014-05-06_YUW_NTYAU_(THE NEW TESTAMENT).xml","48BA5FFF5B6EA571C74AD34997C3BBF3"
"https://raw.githubusercontent.com/kohelet-net-admin/zefania-xml-bibles/master/Bibles/ZIA/SF_2014-04-22_ZIA_ZIANT_(ZIA%20NT).xml",".\ZIA\SF_2014-04-22_ZIA_ZIANT_(ZIA NT).xml","SF_2014-04-22_ZIA_ZIANT_(ZIA NT).xml","1716D04749480D71940A84CD7B70BFF2"
